neighbourhood_cleansed,month,avg_monthly_price,listing_count
Allerton,1,3066.56,32.0
Allerton,2,3546.77,31.0
Allerton,3,3613.55,31.0
Allerton,4,3704.59,37.0
Allerton,5,3579.47,38.0
Allerton,6,3644.17,36.0
Allerton,7,2905.71,28.0
Allerton,8,3725.62,32.0
Allerton,9,2923.75,24.0
Allerton,10,3737.42,31.0
Allerton,11,3595.59,34.0
Allerton,12,3479.14,35.0
Arden Heights,1,3607.5,4.0
Arden Heights,2,3120.0,4.0
Arden Heights,3,2340.0,3.0
Arden Heights,4,3802.5,4.0
Arden Heights,5,3997.5,4.0
Arden Heights,6,4087.5,4.0
Arden Heights,7,4357.5,4.0
Arden Heights,8,3540.0,4.0
Arden Heights,9,4155.0,4.0
Arden Heights,10,4042.5,4.0
Arden Heights,11,3765.0,4.0
Arden Heights,12,3465.0,4.0
Arrochar,1,4563.75,8.0
Arrochar,2,4563.75,8.0
Arrochar,3,4368.75,8.0
Arrochar,4,3720.0,7.0
Arrochar,5,3818.57,7.0
Arrochar,6,4975.71,7.0
Arrochar,7,5010.0,7.0
Arrochar,8,4774.29,7.0
Arrochar,9,4804.29,7.0
Arrochar,10,4804.29,7.0
Arrochar,11,4563.75,8.0
Arrochar,12,4563.75,8.0
Arverne,1,4485.35,43.0
Arverne,2,6767.4,50.0
Arverne,3,5127.45,47.0
Arverne,4,4328.57,56.0
Arverne,5,4279.09,55.0
Arverne,6,5128.24,51.0
Arverne,7,5519.46,56.0
Arverne,8,5193.06,49.0
Arverne,9,5399.39,49.0
Arverne,10,5098.72,47.0
Arverne,11,5127.12,52.0
Arverne,12,4833.33,45.0
Astoria,1,3029.09,230.0
Astoria,2,3268.5,260.0
Astoria,3,2974.79,219.0
Astoria,4,3305.5,251.0
Astoria,5,3597.97,236.0
Astoria,6,3546.8,247.0
Astoria,7,3585.18,245.0
Astoria,8,3475.65,248.0
Astoria,9,3161.18,228.0
Astoria,10,3468.05,236.0
Astoria,11,3580.7,199.0
Astoria,12,3380.32,248.0
Bath Beach,1,3109.09,11.0
Bath Beach,2,2779.29,14.0
Bath Beach,3,2910.0,10.0
Bath Beach,4,3578.82,17.0
Bath Beach,5,3488.82,17.0
Bath Beach,6,3436.15,13.0
Bath Beach,7,3400.71,14.0
Bath Beach,8,3342.35,17.0
Bath Beach,9,2994.38,16.0
Bath Beach,10,2950.71,14.0
Bath Beach,11,3004.62,13.0
Bath Beach,12,3222.5,12.0
Battery Park City,1,8643.0,30.0
Battery Park City,2,8875.56,27.0
Battery Park City,3,10817.31,26.0
Battery Park City,4,7827.14,21.0
Battery Park City,5,7848.75,24.0
Battery Park City,6,8689.57,23.0
Battery Park City,7,9577.14,21.0
Battery Park City,8,9095.45,22.0
Battery Park City,9,9709.57,23.0
Battery Park City,10,10093.64,22.0
Battery Park City,11,9759.47,19.0
Battery Park City,12,9001.5,20.0
Bay Ridge,1,3157.3,74.0
Bay Ridge,2,3170.7,71.0
Bay Ridge,3,2795.89,56.0
Bay Ridge,4,3200.74,81.0
Bay Ridge,5,3377.92,77.0
Bay Ridge,6,3399.23,78.0
Bay Ridge,7,3395.93,81.0
Bay Ridge,8,3253.06,85.0
Bay Ridge,9,3441.71,76.0
Bay Ridge,10,3387.8,82.0
Bay Ridge,11,3158.89,81.0
Bay Ridge,12,3119.25,80.0
Bay Terrace,1,3150.0,2.0
Bay Terrace,2,3150.0,1.0
Bay Terrace,3,3150.0,2.0
Bay Terrace,4,5250.0,2.0
Bay Terrace,5,5250.0,2.0
Bay Terrace,6,5250.0,2.0
Bay Terrace,7,3150.0,1.0
Bay Terrace,8,3150.0,2.0
Bay Terrace,9,3150.0,2.0
Bay Terrace,10,3150.0,1.0
Bay Terrace,11,3150.0,2.0
Bay Terrace,12,3150.0,2.0
"Bay Terrace, Staten Island",1,,
"Bay Terrace, Staten Island",2,,
"Bay Terrace, Staten Island",3,,
"Bay Terrace, Staten Island",4,6000.0,1.0
"Bay Terrace, Staten Island",5,,
"Bay Terrace, Staten Island",6,,
"Bay Terrace, Staten Island",7,,
"Bay Terrace, Staten Island",8,,
"Bay Terrace, Staten Island",9,,
"Bay Terrace, Staten Island",10,,
"Bay Terrace, Staten Island",11,,
"Bay Terrace, Staten Island",12,,
Baychester,1,3291.0,10.0
Baychester,2,3147.27,11.0
Baychester,3,2952.0,10.0
Baychester,4,2950.71,14.0
Baychester,5,2820.0,16.0
Baychester,6,3126.43,14.0
Baychester,7,3158.57,14.0
Baychester,8,3263.57,14.0
Baychester,9,3103.64,11.0
Baychester,10,3180.0,10.0
Baychester,11,3210.0,10.0
Baychester,12,3330.0,11.0
Bayside,1,4046.54,26.0
Bayside,2,3000.0,17.0
Bayside,3,3843.46,26.0
Bayside,4,3219.13,23.0
Bayside,5,4214.48,29.0
Bayside,6,4074.23,26.0
Bayside,7,3937.78,27.0
Bayside,8,3918.46,26.0
Bayside,9,3060.0,20.0
Bayside,10,4247.31,26.0
Bayside,11,3894.0,30.0
Bayside,12,3889.0,30.0
Bayswater,1,2800.0,3.0
Bayswater,2,2180.0,6.0
Bayswater,3,2797.5,4.0
Bayswater,4,3820.0,6.0
Bayswater,5,3882.0,5.0
Bayswater,6,3150.0,4.0
Bayswater,7,3204.0,5.0
Bayswater,8,2966.67,9.0
Bayswater,9,2733.75,8.0
Bayswater,10,2805.0,8.0
Bayswater,11,2904.0,5.0
Bayswater,12,2417.14,7.0
Bedford-Stuyvesant,1,3822.67,1307.0
Bedford-Stuyvesant,2,3813.64,1269.0
Bedford-Stuyvesant,3,3795.33,1215.0
Bedford-Stuyvesant,4,5785.27,1483.0
Bedford-Stuyvesant,5,8166.83,1409.0
Bedford-Stuyvesant,6,8332.82,1378.0
Bedford-Stuyvesant,7,6128.73,1357.0
Bedford-Stuyvesant,8,8227.74,1379.0
Bedford-Stuyvesant,9,8221.79,1374.0
Bedford-Stuyvesant,10,3980.85,1243.0
Bedford-Stuyvesant,11,3883.85,1343.0
Bedford-Stuyvesant,12,3797.51,1331.0
Belle Harbor,1,5766.0,5.0
Belle Harbor,2,5766.0,5.0
Belle Harbor,3,6216.0,5.0
Belle Harbor,4,5844.0,5.0
Belle Harbor,5,5710.0,6.0
Belle Harbor,6,6192.0,5.0
Belle Harbor,7,6410.0,6.0
Belle Harbor,8,6485.0,6.0
Belle Harbor,9,6460.0,6.0
Belle Harbor,10,5940.0,5.0
Belle Harbor,11,5940.0,5.0
Belle Harbor,12,5886.0,5.0
Bellerose,1,4086.0,10.0
Bellerose,2,3984.0,10.0
Bellerose,3,3798.0,10.0
Bellerose,4,4413.0,10.0
Bellerose,5,4407.0,10.0
Bellerose,6,4612.5,8.0
Bellerose,7,4593.75,8.0
Bellerose,8,4383.0,10.0
Bellerose,9,4491.0,10.0
Bellerose,10,4224.55,11.0
Bellerose,11,4086.0,10.0
Bellerose,12,3623.33,9.0
Belmont,1,2997.6,25.0
Belmont,2,3040.43,23.0
Belmont,3,3107.14,21.0
Belmont,4,2959.2,25.0
Belmont,5,3248.57,21.0
Belmont,6,3372.63,19.0
Belmont,7,3530.62,16.0
Belmont,8,3648.95,19.0
Belmont,9,2958.75,16.0
Belmont,10,3396.0,20.0
Belmont,11,3234.78,23.0
Belmont,12,3128.75,24.0
Bensonhurst,1,3400.34,29.0
Bensonhurst,2,3421.03,29.0
Bensonhurst,3,2350.0,18.0
Bensonhurst,4,3541.76,34.0
Bensonhurst,5,3553.45,29.0
Bensonhurst,6,3643.45,29.0
Bensonhurst,7,3684.83,29.0
Bensonhurst,8,3453.0,30.0
Bensonhurst,9,3506.13,31.0
Bensonhurst,10,3923.33,27.0
Bensonhurst,11,3833.79,29.0
Bensonhurst,12,3840.0,31.0
Bergen Beach,1,5877.0,10.0
Bergen Beach,2,5982.0,10.0
Bergen Beach,3,5623.64,11.0
Bergen Beach,4,5350.91,11.0
Bergen Beach,5,5203.64,11.0
Bergen Beach,6,5287.5,12.0
Bergen Beach,7,5700.0,11.0
Bergen Beach,8,5243.08,13.0
Bergen Beach,9,5243.08,13.0
Bergen Beach,10,5312.5,12.0
Bergen Beach,11,5522.73,11.0
Bergen Beach,12,5680.91,11.0
Bloomfield,1,,
Bloomfield,2,,
Bloomfield,3,,
Bloomfield,4,,
Bloomfield,5,,
Bloomfield,6,,
Bloomfield,7,,
Bloomfield,8,,
Bloomfield,9,,
Bloomfield,10,,
Bloomfield,11,,
Bloomfield,12,,
Boerum Hill,1,8155.0,48.0
Boerum Hill,2,8490.61,49.0
Boerum Hill,3,9129.23,52.0
Boerum Hill,4,7992.31,39.0
Boerum Hill,5,8043.49,43.0
Boerum Hill,6,8274.55,44.0
Boerum Hill,7,8167.67,43.0
Boerum Hill,8,8776.05,43.0
Boerum Hill,9,8737.14,42.0
Boerum Hill,10,8855.38,39.0
Boerum Hill,11,7789.02,41.0
Boerum Hill,12,8268.12,48.0
Borough Park,1,3746.13,31.0
Borough Park,2,2468.18,33.0
Borough Park,3,2140.0,24.0
Borough Park,4,2674.86,37.0
Borough Park,5,2741.54,39.0
Borough Park,6,2593.24,34.0
Borough Park,7,2573.44,32.0
Borough Park,8,2518.18,33.0
Borough Park,9,2452.0,30.0
Borough Park,10,2485.31,32.0
Borough Park,11,2612.81,32.0
Borough Park,12,2460.0,30.0
Breezy Point,1,4500.0,3.0
Breezy Point,2,4500.0,4.0
Breezy Point,3,4162.5,4.0
Breezy Point,4,4500.0,4.0
Breezy Point,5,4500.0,4.0
Breezy Point,6,4500.0,4.0
Breezy Point,7,4500.0,4.0
Breezy Point,8,4500.0,4.0
Breezy Point,9,4500.0,4.0
Breezy Point,10,4500.0,4.0
Breezy Point,11,4500.0,4.0
Breezy Point,12,4500.0,4.0
Briarwood,1,4165.26,19.0
Briarwood,2,2273.57,14.0
Briarwood,3,8243.08,26.0
Briarwood,4,2629.5,20.0
Briarwood,5,8183.57,28.0
Briarwood,6,8932.5,24.0
Briarwood,7,8800.38,26.0
Briarwood,8,8734.62,26.0
Briarwood,9,9132.0,20.0
Briarwood,10,3947.65,17.0
Briarwood,11,8605.38,26.0
Briarwood,12,8394.0,25.0
Brighton Beach,1,3777.5,36.0
Brighton Beach,2,3522.31,39.0
Brighton Beach,3,3686.92,39.0
Brighton Beach,4,3899.21,38.0
Brighton Beach,5,3747.57,37.0
Brighton Beach,6,4042.73,33.0
Brighton Beach,7,3930.83,36.0
Brighton Beach,8,3901.54,39.0
Brighton Beach,9,3790.54,37.0
Brighton Beach,10,3670.26,38.0
Brighton Beach,11,3653.33,36.0
Brighton Beach,12,3626.15,39.0
Bronxdale,1,1878.0,10.0
Bronxdale,2,1900.91,11.0
Bronxdale,3,2187.27,11.0
Bronxdale,4,2125.38,13.0
Bronxdale,5,1882.5,12.0
Bronxdale,6,1950.0,12.0
Bronxdale,7,2094.0,10.0
Bronxdale,8,1870.91,11.0
Bronxdale,9,1936.36,11.0
Bronxdale,10,1898.18,11.0
Bronxdale,11,1971.82,11.0
Bronxdale,12,1950.0,12.0
Brooklyn Heights,1,6872.25,40.0
Brooklyn Heights,2,7267.33,45.0
Brooklyn Heights,3,7781.33,45.0
Brooklyn Heights,4,6785.85,41.0
Brooklyn Heights,5,8000.43,47.0
Brooklyn Heights,6,8136.98,43.0
Brooklyn Heights,7,8595.0,42.0
Brooklyn Heights,8,7988.94,47.0
Brooklyn Heights,9,8272.5,44.0
Brooklyn Heights,10,7845.37,41.0
Brooklyn Heights,11,7746.15,39.0
Brooklyn Heights,12,6993.19,47.0
Brownsville,1,4121.05,38.0
Brownsville,2,3610.0,42.0
Brownsville,3,3274.74,38.0
Brownsville,4,2938.26,69.0
Brownsville,5,2862.73,66.0
Brownsville,6,2855.24,63.0
Brownsville,7,2939.49,59.0
Brownsville,8,3033.56,59.0
Brownsville,9,3124.35,62.0
Brownsville,10,3070.91,55.0
Brownsville,11,3109.81,53.0
Brownsville,12,3346.88,48.0
Bull's Head,1,5730.0,4.0
Bull's Head,2,5712.0,5.0
Bull's Head,3,5616.0,5.0
Bull's Head,4,4530.0,7.0
Bull's Head,5,4998.0,5.0
Bull's Head,6,4915.71,7.0
Bull's Head,7,5330.0,6.0
Bull's Head,8,6042.0,5.0
Bull's Head,9,5650.0,6.0
Bull's Head,10,5360.0,6.0
Bull's Head,11,5712.0,5.0
Bull's Head,12,5712.0,5.0
Bushwick,1,3523.53,672.0
Bushwick,2,3410.4,669.0
Bushwick,3,3551.23,609.0
Bushwick,4,3466.17,772.0
Bushwick,5,3599.34,729.0
Bushwick,6,3640.92,725.0
Bushwick,7,3771.96,638.0
Bushwick,8,3567.36,705.0
Bushwick,9,3335.5,676.0
Bushwick,10,3601.65,637.0
Bushwick,11,3577.51,671.0
Bushwick,12,3405.09,662.0
Cambria Heights,1,3784.29,35.0
Cambria Heights,2,3634.74,38.0
Cambria Heights,3,3652.5,20.0
Cambria Heights,4,3401.14,35.0
Cambria Heights,5,3579.43,35.0
Cambria Heights,6,3733.24,34.0
Cambria Heights,7,3695.0,36.0
Cambria Heights,8,3551.14,35.0
Cambria Heights,9,3711.32,38.0
Cambria Heights,10,3549.47,38.0
Cambria Heights,11,3053.08,26.0
Cambria Heights,12,3532.31,39.0
Canarsie,1,4464.19,124.0
Canarsie,2,5699.75,122.0
Canarsie,3,5600.98,123.0
Canarsie,4,3840.64,140.0
Canarsie,5,3924.09,132.0
Canarsie,6,3961.49,121.0
Canarsie,7,3940.16,127.0
Canarsie,8,3899.05,126.0
Canarsie,9,3962.42,124.0
Canarsie,10,3952.2,123.0
Canarsie,11,4001.56,122.0
Canarsie,12,4076.25,128.0
Carroll Gardens,1,8670.55,55.0
Carroll Gardens,2,8319.5,60.0
Carroll Gardens,3,8212.62,61.0
Carroll Gardens,4,9344.8,75.0
Carroll Gardens,5,9378.33,72.0
Carroll Gardens,6,9439.7,67.0
Carroll Gardens,7,9651.74,69.0
Carroll Gardens,8,9167.83,69.0
Carroll Gardens,9,9841.38,65.0
Carroll Gardens,10,9046.88,64.0
Carroll Gardens,11,8910.49,61.0
Carroll Gardens,12,8834.75,59.0
Castle Hill,1,3320.0,3.0
Castle Hill,2,4200.0,1.0
Castle Hill,3,3230.0,3.0
Castle Hill,4,13295.0,6.0
Castle Hill,5,13175.0,6.0
Castle Hill,6,13175.0,6.0
Castle Hill,7,12162.0,5.0
Castle Hill,8,11352.0,5.0
Castle Hill,9,13875.0,4.0
Castle Hill,10,6690.0,4.0
Castle Hill,11,3320.0,3.0
Castle Hill,12,3320.0,3.0
Castleton Corners,1,3990.0,3.0
Castleton Corners,2,3990.0,3.0
Castleton Corners,3,3270.0,3.0
Castleton Corners,4,3735.0,4.0
Castleton Corners,5,3735.0,4.0
Castleton Corners,6,3735.0,4.0
Castleton Corners,7,3735.0,4.0
Castleton Corners,8,3735.0,4.0
Castleton Corners,9,3735.0,4.0
Castleton Corners,10,3735.0,4.0
Castleton Corners,11,3735.0,4.0
Castleton Corners,12,3730.0,3.0
Charleston,1,,
Charleston,2,,
Charleston,3,,
Charleston,4,,
Charleston,5,,
Charleston,6,,
Charleston,7,,
Charleston,8,,
Charleston,9,,
Charleston,10,,
Charleston,11,,
Charleston,12,,
Chelsea,1,8070.82,439.0
Chelsea,2,8515.76,453.0
Chelsea,3,8720.71,407.0
Chelsea,4,9100.03,380.0
Chelsea,5,9381.42,381.0
Chelsea,6,9396.26,412.0
Chelsea,7,9619.61,410.0
Chelsea,8,10099.27,411.0
Chelsea,9,9198.2,394.0
Chelsea,10,9301.15,393.0
Chelsea,11,8919.5,404.0
Chelsea,12,8534.36,420.0
"Chelsea, Staten Island",1,2100.0,1.0
"Chelsea, Staten Island",2,2100.0,1.0
"Chelsea, Staten Island",3,2100.0,1.0
"Chelsea, Staten Island",4,2100.0,1.0
"Chelsea, Staten Island",5,2100.0,1.0
"Chelsea, Staten Island",6,2100.0,1.0
"Chelsea, Staten Island",7,2100.0,1.0
"Chelsea, Staten Island",8,2100.0,1.0
"Chelsea, Staten Island",9,2100.0,1.0
"Chelsea, Staten Island",10,2100.0,1.0
"Chelsea, Staten Island",11,2100.0,1.0
"Chelsea, Staten Island",12,2100.0,1.0
Chinatown,1,6387.87,127.0
Chinatown,2,6336.15,122.0
Chinatown,3,6346.39,119.0
Chinatown,4,6630.26,116.0
Chinatown,5,6349.76,123.0
Chinatown,6,6196.96,115.0
Chinatown,7,6908.23,124.0
Chinatown,8,6809.03,124.0
Chinatown,9,7231.78,118.0
Chinatown,10,6967.83,115.0
Chinatown,11,6662.66,124.0
Chinatown,12,6747.92,130.0
City Island,1,3687.0,10.0
City Island,2,3777.0,10.0
City Island,3,3822.0,10.0
City Island,4,3711.43,7.0
City Island,5,3711.43,7.0
City Island,6,3696.67,9.0
City Island,7,3696.67,9.0
City Island,8,3740.0,9.0
City Island,9,3736.67,9.0
City Island,10,3736.67,9.0
City Island,11,3736.67,9.0
City Island,12,4148.18,11.0
Civic Center,1,7837.5,4.0
Civic Center,2,7105.0,6.0
Civic Center,3,7530.0,5.0
Civic Center,4,8274.0,5.0
Civic Center,5,20670.0,5.0
Civic Center,6,17892.0,5.0
Civic Center,7,9517.5,4.0
Civic Center,8,8040.0,4.0
Civic Center,9,8880.0,3.0
Civic Center,10,9954.0,5.0
Civic Center,11,8820.0,3.0
Civic Center,12,10638.0,5.0
Claremont Village,1,2721.56,32.0
Claremont Village,2,2780.91,33.0
Claremont Village,3,2801.84,38.0
Claremont Village,4,3329.27,41.0
Claremont Village,5,3027.57,37.0
Claremont Village,6,2820.81,37.0
Claremont Village,7,2638.29,35.0
Claremont Village,8,2826.18,34.0
Claremont Village,9,2777.0,30.0
Claremont Village,10,2862.73,33.0
Claremont Village,11,2781.56,32.0
Claremont Village,12,2510.62,32.0
Clason Point,1,3005.77,26.0
Clason Point,2,2572.17,23.0
Clason Point,3,3141.92,26.0
Clason Point,4,2971.88,32.0
Clason Point,5,2992.76,29.0
Clason Point,6,3013.0,30.0
Clason Point,7,3006.0,30.0
Clason Point,8,3057.1,31.0
Clason Point,9,3044.52,31.0
Clason Point,10,3067.78,27.0
Clason Point,11,3082.22,27.0
Clason Point,12,3016.15,26.0
Clifton,1,3216.0,5.0
Clifton,2,2982.0,5.0
Clifton,3,2940.0,5.0
Clifton,4,4447.5,8.0
Clifton,5,4455.0,8.0
Clifton,6,4180.0,6.0
Clifton,7,3534.0,5.0
Clifton,8,3280.0,6.0
Clifton,9,3085.0,6.0
Clifton,10,3045.0,6.0
Clifton,11,3025.0,6.0
Clifton,12,3865.0,6.0
Clinton Hill,1,5915.51,158.0
Clinton Hill,2,6216.84,158.0
Clinton Hill,3,6910.14,145.0
Clinton Hill,4,6536.87,134.0
Clinton Hill,5,6792.77,141.0
Clinton Hill,6,7036.29,140.0
Clinton Hill,7,6485.92,147.0
Clinton Hill,8,6705.81,148.0
Clinton Hill,9,5363.01,103.0
Clinton Hill,10,6706.11,149.0
Clinton Hill,11,6304.83,149.0
Clinton Hill,12,6074.82,168.0
Co-op City,1,1658.57,7.0
Co-op City,2,1836.0,5.0
Co-op City,3,1710.0,6.0
Co-op City,4,1954.29,7.0
Co-op City,5,2678.57,7.0
Co-op City,6,2142.86,7.0
Co-op City,7,2284.29,7.0
Co-op City,8,2344.29,7.0
Co-op City,9,1615.71,7.0
Co-op City,10,1645.71,7.0
Co-op City,11,1585.71,7.0
Co-op City,12,1585.71,7.0
Cobble Hill,1,8530.38,26.0
Cobble Hill,2,7884.0,25.0
Cobble Hill,3,8724.78,23.0
Cobble Hill,4,8292.86,28.0
Cobble Hill,5,7512.58,31.0
Cobble Hill,6,7951.0,30.0
Cobble Hill,7,8870.77,26.0
Cobble Hill,8,8715.0,26.0
Cobble Hill,9,9236.54,26.0
Cobble Hill,10,8592.22,27.0
Cobble Hill,11,8260.34,29.0
Cobble Hill,12,8516.67,27.0
College Point,1,4590.0,21.0
College Point,2,3130.71,14.0
College Point,3,4338.57,21.0
College Point,4,3622.22,27.0
College Point,5,3960.0,21.0
College Point,6,3666.92,26.0
College Point,7,3720.0,26.0
College Point,8,3741.6,25.0
College Point,9,3816.25,24.0
College Point,10,3886.8,25.0
College Point,11,4320.0,25.0
College Point,12,4293.6,25.0
Columbia St,1,7260.0,7.0
Columbia St,2,9006.0,5.0
Columbia St,3,10305.0,4.0
Columbia St,4,6317.14,7.0
Columbia St,5,6342.86,7.0
Columbia St,6,6800.0,6.0
Columbia St,7,7410.0,5.0
Columbia St,8,7950.0,5.0
Columbia St,9,6835.71,7.0
Columbia St,10,7400.0,6.0
Columbia St,11,7400.0,6.0
Columbia St,12,7065.0,8.0
Concord,1,3882.0,5.0
Concord,2,3972.0,5.0
Concord,3,3952.5,4.0
Concord,4,3666.0,5.0
Concord,5,3786.0,5.0
Concord,6,3786.0,5.0
Concord,7,4002.0,5.0
Concord,8,3882.0,5.0
Concord,9,3882.0,5.0
Concord,10,3882.0,5.0
Concord,11,3882.0,5.0
Concord,12,3882.0,5.0
Concourse,1,3040.43,23.0
Concourse,2,3037.5,24.0
Concourse,3,3240.0,23.0
Concourse,4,2948.75,24.0
Concourse,5,2753.08,26.0
Concourse,6,2960.4,25.0
Concourse,7,3057.69,26.0
Concourse,8,3196.25,24.0
Concourse,9,3100.5,20.0
Concourse,10,2948.4,25.0
Concourse,11,2926.96,23.0
Concourse,12,3141.82,22.0
Concourse Village,1,3395.29,17.0
Concourse Village,2,3405.0,18.0
Concourse Village,3,3165.79,19.0
Concourse Village,4,3106.36,22.0
Concourse Village,5,3094.5,20.0
Concourse Village,6,3315.79,19.0
Concourse Village,7,3237.0,20.0
Concourse Village,8,3295.5,20.0
Concourse Village,9,3394.74,19.0
Concourse Village,10,3480.0,17.0
Concourse Village,11,3388.24,17.0
Concourse Village,12,3739.09,22.0
Coney Island,1,2878.12,16.0
Coney Island,2,2775.88,17.0
Coney Island,3,2978.82,17.0
Coney Island,4,2859.38,16.0
Coney Island,5,2788.0,15.0
Coney Island,6,2928.0,15.0
Coney Island,7,2877.86,14.0
Coney Island,8,2900.62,16.0
Coney Island,9,2880.0,16.0
Coney Island,10,2878.12,16.0
Coney Island,11,2874.38,16.0
Coney Island,12,2814.0,15.0
Corona,1,2702.43,37.0
Corona,2,3571.76,34.0
Corona,3,3427.06,34.0
Corona,4,2709.17,36.0
Corona,5,2755.83,36.0
Corona,6,2518.29,35.0
Corona,7,2623.71,35.0
Corona,8,2549.19,37.0
Corona,9,2587.69,39.0
Corona,10,2559.23,39.0
Corona,11,2555.0,42.0
Corona,12,2756.92,39.0
Country Club,1,3600.0,1.0
Country Club,2,3600.0,1.0
Country Club,3,3600.0,1.0
Country Club,4,7560.0,1.0
Country Club,5,5220.0,2.0
Country Club,6,5220.0,2.0
Country Club,7,5220.0,2.0
Country Club,8,5220.0,2.0
Country Club,9,5220.0,2.0
Country Club,10,5220.0,2.0
Country Club,11,5220.0,2.0
Country Club,12,3600.0,1.0
Crown Heights,1,4526.13,543.0
Crown Heights,2,4477.3,555.0
Crown Heights,3,4569.09,472.0
Crown Heights,4,4001.0,570.0
Crown Heights,5,4129.3,558.0
Crown Heights,6,3838.2,532.0
Crown Heights,7,3891.43,511.0
Crown Heights,8,4448.33,486.0
Crown Heights,9,4524.96,554.0
Crown Heights,10,4587.21,549.0
Crown Heights,11,4617.26,548.0
Crown Heights,12,4647.75,561.0
Cypress Hills,1,2783.33,99.0
Cypress Hills,2,2734.29,98.0
Cypress Hills,3,2658.9,100.0
Cypress Hills,4,2952.1,119.0
Cypress Hills,5,2992.78,108.0
Cypress Hills,6,2904.0,115.0
Cypress Hills,7,2946.06,109.0
Cypress Hills,8,2847.35,113.0
Cypress Hills,9,2812.72,103.0
Cypress Hills,10,2818.83,103.0
Cypress Hills,11,2774.39,98.0
Cypress Hills,12,2902.43,103.0
DUMBO,1,8492.31,13.0
DUMBO,2,8346.0,15.0
DUMBO,3,9615.0,12.0
DUMBO,4,9698.0,15.0
DUMBO,5,10042.5,12.0
DUMBO,6,10335.0,14.0
DUMBO,7,10288.0,15.0
DUMBO,8,10058.0,15.0
DUMBO,9,9651.43,14.0
DUMBO,10,9842.14,14.0
DUMBO,11,8115.0,16.0
DUMBO,12,7644.38,16.0
Ditmars Steinway,1,3512.17,83.0
Ditmars Steinway,2,3813.96,91.0
Ditmars Steinway,3,2913.66,82.0
Ditmars Steinway,4,3481.14,105.0
Ditmars Steinway,5,3575.66,106.0
Ditmars Steinway,6,3658.27,104.0
Ditmars Steinway,7,3716.29,105.0
Ditmars Steinway,8,3764.71,102.0
Ditmars Steinway,9,3302.02,89.0
Ditmars Steinway,10,4055.82,98.0
Ditmars Steinway,11,3819.0,90.0
Ditmars Steinway,12,3700.52,97.0
Dongan Hills,1,4980.0,3.0
Dongan Hills,2,4980.0,3.0
Dongan Hills,3,4980.0,3.0
Dongan Hills,4,4440.0,3.0
Dongan Hills,5,4480.0,3.0
Dongan Hills,6,6480.0,2.0
Dongan Hills,7,4940.0,3.0
Dongan Hills,8,4920.0,3.0
Dongan Hills,9,4900.0,3.0
Dongan Hills,10,4940.0,3.0
Dongan Hills,11,4940.0,3.0
Dongan Hills,12,5020.0,3.0
Douglaston,1,4050.0,2.0
Douglaston,2,4050.0,2.0
Douglaston,3,2467.5,4.0
Douglaston,4,5100.0,3.0
Douglaston,5,5100.0,3.0
Douglaston,6,5100.0,3.0
Douglaston,7,4245.0,4.0
Douglaston,8,3900.0,2.0
Douglaston,9,3900.0,2.0
Douglaston,10,3900.0,2.0
Douglaston,11,3900.0,2.0
Douglaston,12,4050.0,2.0
Downtown Brooklyn,1,7540.0,30.0
Downtown Brooklyn,2,7445.36,28.0
Downtown Brooklyn,3,8386.55,29.0
Downtown Brooklyn,4,7743.0,20.0
Downtown Brooklyn,5,8232.27,22.0
Downtown Brooklyn,6,8522.4,25.0
Downtown Brooklyn,7,7960.38,26.0
Downtown Brooklyn,8,8278.7,23.0
Downtown Brooklyn,9,8178.0,20.0
Downtown Brooklyn,10,8302.5,24.0
Downtown Brooklyn,11,7658.75,24.0
Downtown Brooklyn,12,7013.57,28.0
Dyker Heights,1,3275.45,11.0
Dyker Heights,2,3294.55,11.0
Dyker Heights,3,3323.33,9.0
Dyker Heights,4,3060.0,11.0
Dyker Heights,5,3076.67,9.0
Dyker Heights,6,3242.73,11.0
Dyker Heights,7,3278.18,11.0
Dyker Heights,8,3032.5,12.0
Dyker Heights,9,3022.5,12.0
Dyker Heights,10,3057.5,12.0
Dyker Heights,11,3237.27,11.0
Dyker Heights,12,3259.09,11.0
East Elmhurst,1,3968.3,112.0
East Elmhurst,2,3562.09,91.0
East Elmhurst,3,3370.97,93.0
East Elmhurst,4,4039.49,137.0
East Elmhurst,5,3901.32,136.0
East Elmhurst,6,4214.74,114.0
East Elmhurst,7,4253.5,120.0
East Elmhurst,8,4310.17,116.0
East Elmhurst,9,4178.04,112.0
East Elmhurst,10,3995.84,113.0
East Elmhurst,11,4077.27,110.0
East Elmhurst,12,4676.87,115.0
East Flatbush,1,3533.19,317.0
East Flatbush,2,3514.57,335.0
East Flatbush,3,3507.04,304.0
East Flatbush,4,3394.0,390.0
East Flatbush,5,3375.37,363.0
East Flatbush,6,3416.22,357.0
East Flatbush,7,3453.04,326.0
East Flatbush,8,3504.62,340.0
East Flatbush,9,3185.14,315.0
East Flatbush,10,3456.19,320.0
East Flatbush,11,3081.65,291.0
East Flatbush,12,3420.19,323.0
East Harlem,1,3780.49,369.0
East Harlem,2,3923.14,376.0
East Harlem,3,4131.86,361.0
East Harlem,4,4114.59,386.0
East Harlem,5,4059.02,376.0
East Harlem,6,4247.49,362.0
East Harlem,7,4260.55,382.0
East Harlem,8,4438.98,384.0
East Harlem,9,4326.63,389.0
East Harlem,10,4319.45,383.0
East Harlem,11,4315.95,370.0
East Harlem,12,3859.22,370.0
East Morrisania,1,5062.5,4.0
East Morrisania,2,5062.5,4.0
East Morrisania,3,4800.0,3.0
East Morrisania,4,4220.0,6.0
East Morrisania,5,4270.0,6.0
East Morrisania,6,4440.0,5.0
East Morrisania,7,4650.0,4.0
East Morrisania,8,4440.0,5.0
East Morrisania,9,5287.5,4.0
East Morrisania,10,4830.0,5.0
East Morrisania,11,4590.0,5.0
East Morrisania,12,5062.5,4.0
East New York,1,3940.05,185.0
East New York,2,3858.57,189.0
East New York,3,3600.33,184.0
East New York,4,4141.66,199.0
East New York,5,4156.05,200.0
East New York,6,4287.36,193.0
East New York,7,3941.73,197.0
East New York,8,3966.67,189.0
East New York,9,4087.71,175.0
East New York,10,4516.59,179.0
East New York,11,4064.39,173.0
East New York,12,3976.58,190.0
East Village,1,6835.62,432.0
East Village,2,6844.64,414.0
East Village,3,7378.88,428.0
East Village,4,7321.87,418.0
East Village,5,7357.52,431.0
East Village,6,7870.45,425.0
East Village,7,7640.24,418.0
East Village,8,7369.84,440.0
East Village,9,7775.83,417.0
East Village,10,7860.22,411.0
East Village,11,7604.89,403.0
East Village,12,6289.69,390.0
Eastchester,1,3544.29,7.0
Eastchester,2,3544.29,7.0
Eastchester,3,3561.43,7.0
Eastchester,4,3600.0,6.0
Eastchester,5,4770.0,7.0
Eastchester,6,3450.0,7.0
Eastchester,7,3870.0,5.0
Eastchester,8,3615.0,6.0
Eastchester,9,3295.0,6.0
Eastchester,10,3295.0,6.0
Eastchester,11,3345.0,6.0
Eastchester,12,3590.0,9.0
Edenwald,1,2415.0,18.0
Edenwald,2,2464.74,19.0
Edenwald,3,2352.86,21.0
Edenwald,4,2555.0,12.0
Edenwald,5,2645.0,18.0
Edenwald,6,2561.67,18.0
Edenwald,7,2402.31,13.0
Edenwald,8,2284.5,20.0
Edenwald,9,2610.0,18.0
Edenwald,10,2500.5,20.0
Edenwald,11,2496.32,19.0
Edenwald,12,2464.74,19.0
Edgemere,1,2618.57,7.0
Edgemere,2,3382.5,8.0
Edgemere,3,3630.0,8.0
Edgemere,4,3853.33,9.0
Edgemere,5,4230.0,7.0
Edgemere,6,4020.0,9.0
Edgemere,7,4035.0,8.0
Edgemere,8,4035.0,8.0
Edgemere,9,4616.25,8.0
Edgemere,10,4260.0,8.0
Edgemere,11,3378.75,8.0
Edgemere,12,3578.57,7.0
Elmhurst,1,2883.4,159.0
Elmhurst,2,2776.75,163.0
Elmhurst,3,2155.75,113.0
Elmhurst,4,2984.66,178.0
Elmhurst,5,3099.02,173.0
Elmhurst,6,3165.54,166.0
Elmhurst,7,3247.32,164.0
Elmhurst,8,3250.06,155.0
Elmhurst,9,3312.37,131.0
Elmhurst,10,3579.12,125.0
Elmhurst,11,3048.89,135.0
Elmhurst,12,2960.53,152.0
Eltingville,1,5250.0,1.0
Eltingville,2,3660.0,2.0
Eltingville,3,,
Eltingville,4,5250.0,1.0
Eltingville,5,3960.0,2.0
Eltingville,6,3975.0,2.0
Eltingville,7,4515.0,2.0
Eltingville,8,4500.0,2.0
Eltingville,9,5250.0,1.0
Eltingville,10,5250.0,1.0
Eltingville,11,5250.0,1.0
Eltingville,12,5250.0,1.0
Emerson Hill,1,3684.0,5.0
Emerson Hill,2,4162.5,4.0
Emerson Hill,3,4477.5,4.0
Emerson Hill,4,3180.0,6.0
Emerson Hill,5,3462.0,5.0
Emerson Hill,6,3180.0,6.0
Emerson Hill,7,3180.0,6.0
Emerson Hill,8,3180.0,6.0
Emerson Hill,9,3570.0,5.0
Emerson Hill,10,3270.0,6.0
Emerson Hill,11,3270.0,6.0
Emerson Hill,12,3270.0,6.0
Far Rockaway,1,3814.39,41.0
Far Rockaway,2,3894.0,40.0
Far Rockaway,3,4089.77,43.0
Far Rockaway,4,3985.43,46.0
Far Rockaway,5,3940.85,47.0
Far Rockaway,6,4110.0,47.0
Far Rockaway,7,4096.05,43.0
Far Rockaway,8,4004.0,45.0
Far Rockaway,9,4276.05,43.0
Far Rockaway,10,3872.14,42.0
Far Rockaway,11,3972.24,49.0
Far Rockaway,12,3668.48,46.0
Fieldston,1,3113.33,9.0
Fieldston,2,3190.0,9.0
Fieldston,3,6142.5,8.0
Fieldston,4,2678.57,7.0
Fieldston,5,2591.25,8.0
Fieldston,6,2566.67,9.0
Fieldston,7,2655.0,8.0
Fieldston,8,2543.33,9.0
Fieldston,9,2700.0,8.0
Fieldston,10,2760.0,8.0
Fieldston,11,2910.0,7.0
Fieldston,12,2786.25,8.0
Financial District,1,8771.43,252.0
Financial District,2,8946.27,249.0
Financial District,3,10119.22,244.0
Financial District,4,9528.08,229.0
Financial District,5,9690.66,226.0
Financial District,6,10171.05,228.0
Financial District,7,10568.35,255.0
Financial District,8,10078.02,257.0
Financial District,9,11603.45,238.0
Financial District,10,11616.18,233.0
Financial District,11,10454.61,230.0
Financial District,12,9317.14,245.0
Flatbush,1,3872.67,236.0
Flatbush,2,3715.64,234.0
Flatbush,3,3876.32,204.0
Flatbush,4,3879.92,263.0
Flatbush,5,3475.82,237.0
Flatbush,6,3544.57,243.0
Flatbush,7,3540.38,240.0
Flatbush,8,3657.39,241.0
Flatbush,9,3160.29,210.0
Flatbush,10,3740.82,232.0
Flatbush,11,3135.51,207.0
Flatbush,12,3852.0,230.0
Flatiron District,1,13204.14,29.0
Flatiron District,2,13107.78,27.0
Flatiron District,3,16474.0,30.0
Flatiron District,4,12219.31,29.0
Flatiron District,5,15079.62,26.0
Flatiron District,6,15637.5,28.0
Flatiron District,7,14808.75,32.0
Flatiron District,8,14778.18,33.0
Flatiron District,9,15809.06,32.0
Flatiron District,10,15577.0,30.0
Flatiron District,11,11970.0,27.0
Flatiron District,12,17887.83,23.0
Flatlands,1,4371.77,62.0
Flatlands,2,4375.5,60.0
Flatlands,3,4210.34,58.0
Flatlands,4,4208.85,78.0
Flatlands,5,4209.04,73.0
Flatlands,6,4671.04,67.0
Flatlands,7,4561.32,68.0
Flatlands,8,4158.08,73.0
Flatlands,9,4360.62,65.0
Flatlands,10,4304.31,65.0
Flatlands,11,4351.02,59.0
Flatlands,12,3895.5,60.0
Flushing,1,3163.18,148.0
Flushing,2,2472.38,143.0
Flushing,3,2842.19,219.0
Flushing,4,2461.1,273.0
Flushing,5,2808.56,278.0
Flushing,6,2824.44,270.0
Flushing,7,2849.57,276.0
Flushing,8,2714.83,263.0
Flushing,9,2438.31,231.0
Flushing,10,3045.54,166.0
Flushing,11,3036.14,220.0
Flushing,12,2965.91,220.0
Fordham,1,2282.65,34.0
Fordham,2,2345.14,35.0
Fordham,3,2478.21,28.0
Fordham,4,2336.25,40.0
Fordham,5,2574.15,41.0
Fordham,6,2324.62,39.0
Fordham,7,2277.19,32.0
Fordham,8,2415.0,36.0
Fordham,9,2162.0,30.0
Fordham,10,2191.58,38.0
Fordham,11,2279.14,35.0
Fordham,12,2255.0,36.0
Forest Hills,1,3967.02,47.0
Forest Hills,2,3834.26,47.0
Forest Hills,3,3488.12,48.0
Forest Hills,4,3702.86,49.0
Forest Hills,5,3882.5,48.0
Forest Hills,6,4225.0,48.0
Forest Hills,7,3993.26,46.0
Forest Hills,8,3955.23,44.0
Forest Hills,9,3996.67,45.0
Forest Hills,10,4035.68,44.0
Forest Hills,11,3977.33,45.0
Forest Hills,12,4002.31,39.0
Fort Greene,1,5215.3,134.0
Fort Greene,2,5107.16,134.0
Fort Greene,3,5242.32,125.0
Fort Greene,4,5774.59,146.0
Fort Greene,5,5928.83,137.0
Fort Greene,6,6100.68,132.0
Fort Greene,7,5880.67,135.0
Fort Greene,8,5745.88,136.0
Fort Greene,9,4823.79,116.0
Fort Greene,10,5335.81,136.0
Fort Greene,11,5378.22,135.0
Fort Greene,12,5483.28,125.0
Fort Hamilton,1,5493.16,38.0
Fort Hamilton,2,5385.0,40.0
Fort Hamilton,3,2845.71,14.0
Fort Hamilton,4,3487.5,20.0
Fort Hamilton,5,3477.0,20.0
Fort Hamilton,6,3298.57,21.0
Fort Hamilton,7,3201.82,22.0
Fort Hamilton,8,5388.0,40.0
Fort Hamilton,9,5480.0,39.0
Fort Hamilton,10,5470.5,40.0
Fort Hamilton,11,5322.97,37.0
Fort Hamilton,12,5492.37,38.0
Fort Wadsworth,1,,
Fort Wadsworth,2,,
Fort Wadsworth,3,,
Fort Wadsworth,4,,
Fort Wadsworth,5,,
Fort Wadsworth,6,,
Fort Wadsworth,7,,
Fort Wadsworth,8,,
Fort Wadsworth,9,,
Fort Wadsworth,10,,
Fort Wadsworth,11,,
Fort Wadsworth,12,,
Fresh Meadows,1,3306.0,10.0
Fresh Meadows,2,3196.67,9.0
Fresh Meadows,3,3238.5,20.0
Fresh Meadows,4,2928.57,21.0
Fresh Meadows,5,3265.5,20.0
Fresh Meadows,6,3392.0,15.0
Fresh Meadows,7,3129.47,19.0
Fresh Meadows,8,3132.63,19.0
Fresh Meadows,9,3296.47,17.0
Fresh Meadows,10,3303.0,10.0
Fresh Meadows,11,3115.26,19.0
Fresh Meadows,12,3260.53,19.0
Gerritsen Beach,1,3670.0,3.0
Gerritsen Beach,2,5145.0,2.0
Gerritsen Beach,3,9000.0,1.0
Gerritsen Beach,4,4211.25,8.0
Gerritsen Beach,5,3480.0,5.0
Gerritsen Beach,6,4750.0,3.0
Gerritsen Beach,7,9000.0,1.0
Gerritsen Beach,8,9000.0,1.0
Gerritsen Beach,9,5130.0,2.0
Gerritsen Beach,10,9000.0,1.0
Gerritsen Beach,11,9000.0,1.0
Gerritsen Beach,12,,
Glen Oaks,1,,
Glen Oaks,2,,
Glen Oaks,3,,
Glen Oaks,4,,
Glen Oaks,5,,
Glen Oaks,6,,
Glen Oaks,7,,
Glen Oaks,8,,
Glen Oaks,9,,
Glen Oaks,10,,
Glen Oaks,11,,
Glen Oaks,12,,
Glendale,1,3652.89,38.0
Glendale,2,3518.05,41.0
Glendale,3,3451.28,47.0
Glendale,4,3783.95,38.0
Glendale,5,3608.68,38.0
Glendale,6,3816.15,39.0
Glendale,7,3856.92,39.0
Glendale,8,3762.5,36.0
Glendale,9,3868.24,34.0
Glendale,10,3824.17,36.0
Glendale,11,3558.65,37.0
Glendale,12,3442.33,43.0
Gowanus,1,6813.75,64.0
Gowanus,2,6902.38,63.0
Gowanus,3,7220.77,65.0
Gowanus,4,7177.5,72.0
Gowanus,5,7163.01,73.0
Gowanus,6,7473.75,72.0
Gowanus,7,6890.13,76.0
Gowanus,8,7171.23,73.0
Gowanus,9,7405.77,71.0
Gowanus,10,7320.83,72.0
Gowanus,11,7603.91,69.0
Gowanus,12,6743.73,67.0
Gramercy,1,6597.15,137.0
Gramercy,2,7280.58,137.0
Gramercy,3,8199.25,133.0
Gramercy,4,5952.21,113.0
Gramercy,5,6273.14,105.0
Gramercy,6,6262.83,113.0
Gramercy,7,6591.84,103.0
Gramercy,8,6521.73,110.0
Gramercy,9,7473.53,102.0
Gramercy,10,7551.87,107.0
Gramercy,11,6985.38,117.0
Gramercy,12,6035.8,119.0
Graniteville,1,2587.5,4.0
Graniteville,2,2850.0,3.0
Graniteville,3,2587.5,4.0
Graniteville,4,2544.0,5.0
Graniteville,5,2544.0,5.0
Graniteville,6,2880.0,4.0
Graniteville,7,2880.0,4.0
Graniteville,8,2880.0,4.0
Graniteville,9,2880.0,4.0
Graniteville,10,2880.0,4.0
Graniteville,11,2664.0,5.0
Graniteville,12,2664.0,5.0
Grant City,1,2627.14,7.0
Grant City,2,2626.67,9.0
Grant City,3,2430.0,8.0
Grant City,4,1902.0,10.0
Grant City,5,1600.0,15.0
Grant City,6,1635.0,14.0
Grant City,7,1746.0,15.0
Grant City,8,1819.41,17.0
Grant City,9,2082.5,12.0
Grant City,10,2425.71,7.0
Grant City,11,2126.67,9.0
Grant City,12,1764.38,16.0
Gravesend,1,3327.57,37.0
Gravesend,2,3461.05,38.0
Gravesend,3,3394.17,36.0
Gravesend,4,3455.53,38.0
Gravesend,5,3251.35,37.0
Gravesend,6,3251.14,35.0
Gravesend,7,3191.14,35.0
Gravesend,8,3066.18,34.0
Gravesend,9,3310.91,33.0
Gravesend,10,3630.97,31.0
Gravesend,11,3521.25,32.0
Gravesend,12,3494.59,37.0
Great Kills,1,2415.0,4.0
Great Kills,2,2415.0,4.0
Great Kills,3,2272.5,4.0
Great Kills,4,2720.0,3.0
Great Kills,5,2720.0,3.0
Great Kills,6,2720.0,3.0
Great Kills,7,2720.0,3.0
Great Kills,8,2720.0,3.0
Great Kills,9,2720.0,3.0
Great Kills,10,2720.0,3.0
Great Kills,11,2720.0,3.0
Great Kills,12,2720.0,3.0
Greenpoint,1,7807.69,234.0
Greenpoint,2,7741.38,240.0
Greenpoint,3,8264.93,227.0
Greenpoint,4,7824.55,242.0
Greenpoint,5,8333.69,233.0
Greenpoint,6,8400.13,229.0
Greenpoint,7,8753.17,224.0
Greenpoint,8,8545.77,220.0
Greenpoint,9,8587.09,220.0
Greenpoint,10,8682.05,219.0
Greenpoint,11,8468.61,223.0
Greenpoint,12,8294.16,233.0
Greenwich Village,1,11712.99,67.0
Greenwich Village,2,11250.97,62.0
Greenwich Village,3,11777.01,67.0
Greenwich Village,4,11409.45,73.0
Greenwich Village,5,12463.29,70.0
Greenwich Village,6,12176.52,69.0
Greenwich Village,7,12100.0,72.0
Greenwich Village,8,11754.58,72.0
Greenwich Village,9,12977.65,68.0
Greenwich Village,10,13207.94,68.0
Greenwich Village,11,11879.57,70.0
Greenwich Village,12,11291.6,75.0
Grymes Hill,1,3450.0,1.0
Grymes Hill,2,3570.0,1.0
Grymes Hill,3,3930.0,1.0
Grymes Hill,4,,
Grymes Hill,5,,
Grymes Hill,6,3270.0,1.0
Grymes Hill,7,4650.0,1.0
Grymes Hill,8,3870.0,1.0
Grymes Hill,9,2220.0,1.0
Grymes Hill,10,1470.0,1.0
Grymes Hill,11,2910.0,1.0
Grymes Hill,12,2910.0,1.0
Harlem,1,3595.86,834.0
Harlem,2,3721.99,755.0
Harlem,3,3642.74,808.0
Harlem,4,3592.94,901.0
Harlem,5,5374.74,899.0
Harlem,6,5517.57,864.0
Harlem,7,3739.27,808.0
Harlem,8,4228.35,852.0
Harlem,9,3753.55,861.0
Harlem,10,4037.47,668.0
Harlem,11,3092.75,699.0
Harlem,12,3515.08,903.0
Hell's Kitchen,1,5850.68,748.0
Hell's Kitchen,2,6130.84,833.0
Hell's Kitchen,3,6468.86,835.0
Hell's Kitchen,4,6565.02,801.0
Hell's Kitchen,5,6746.97,812.0
Hell's Kitchen,6,7348.75,794.0
Hell's Kitchen,7,7418.52,820.0
Hell's Kitchen,8,7037.11,745.0
Hell's Kitchen,9,6881.6,768.0
Hell's Kitchen,10,6904.81,692.0
Hell's Kitchen,11,6664.53,782.0
Hell's Kitchen,12,6043.45,803.0
Highbridge,1,1943.57,14.0
Highbridge,2,1926.43,14.0
Highbridge,3,1830.0,14.0
Highbridge,4,2394.55,11.0
Highbridge,5,2482.5,12.0
Highbridge,6,2331.82,11.0
Highbridge,7,2004.0,10.0
Highbridge,8,2105.45,11.0
Highbridge,9,2012.73,11.0
Highbridge,10,2070.0,12.0
Highbridge,11,2065.0,12.0
Highbridge,12,1982.14,14.0
Hollis,1,2480.0,9.0
Hollis,2,1482.0,5.0
Hollis,3,2380.0,9.0
Hollis,4,2667.0,10.0
Hollis,5,3152.73,11.0
Hollis,6,3890.0,6.0
Hollis,7,2757.0,10.0
Hollis,8,2966.67,9.0
Hollis,9,2400.0,9.0
Hollis,10,2712.0,10.0
Hollis,11,2469.0,10.0
Hollis,12,2571.0,10.0
Hollis Hills,1,,
Hollis Hills,2,,
Hollis Hills,3,,
Hollis Hills,4,7200.0,1.0
Hollis Hills,5,7200.0,1.0
Hollis Hills,6,7200.0,1.0
Hollis Hills,7,7200.0,1.0
Hollis Hills,8,7200.0,1.0
Hollis Hills,9,7200.0,1.0
Hollis Hills,10,7200.0,1.0
Hollis Hills,11,,
Hollis Hills,12,,
Holliswood,1,2670.0,1.0
Holliswood,2,2670.0,1.0
Holliswood,3,2820.0,1.0
Holliswood,4,1897.5,4.0
Holliswood,5,1980.0,3.0
Holliswood,6,2320.0,3.0
Holliswood,7,2805.0,2.0
Holliswood,8,2805.0,2.0
Holliswood,9,2940.0,1.0
Holliswood,10,,
Holliswood,11,2805.0,2.0
Holliswood,12,2805.0,2.0
Howard Beach,1,4750.91,22.0
Howard Beach,2,4723.64,22.0
Howard Beach,3,4771.43,21.0
Howard Beach,4,5071.36,22.0
Howard Beach,5,4948.7,23.0
Howard Beach,6,5113.64,22.0
Howard Beach,7,3841.58,19.0
Howard Beach,8,4788.26,23.0
Howard Beach,9,4776.52,23.0
Howard Beach,10,4913.18,22.0
Howard Beach,11,4596.0,25.0
Howard Beach,12,4773.91,23.0
Howland Hook,1,4305.0,2.0
Howland Hook,2,4305.0,2.0
Howland Hook,3,4095.0,2.0
Howland Hook,4,5190.0,2.0
Howland Hook,5,5190.0,2.0
Howland Hook,6,5190.0,2.0
Howland Hook,7,5190.0,2.0
Howland Hook,8,5190.0,2.0
Howland Hook,9,5190.0,2.0
Howland Hook,10,5190.0,2.0
Howland Hook,11,5190.0,2.0
Howland Hook,12,4305.0,2.0
Huguenot,1,4140.0,1.0
Huguenot,2,4200.0,1.0
Huguenot,3,4050.0,1.0
Huguenot,4,3930.0,1.0
Huguenot,5,3930.0,1.0
Huguenot,6,3930.0,1.0
Huguenot,7,2950.0,3.0
Huguenot,8,3270.0,2.0
Huguenot,9,3300.0,2.0
Huguenot,10,3300.0,2.0
Huguenot,11,4500.0,1.0
Huguenot,12,4500.0,1.0
Hunts Point,1,1577.37,19.0
Hunts Point,2,1620.0,17.0
Hunts Point,3,2072.14,14.0
Hunts Point,4,1608.95,19.0
Hunts Point,5,1480.59,17.0
Hunts Point,6,1541.05,19.0
Hunts Point,7,1536.0,20.0
Hunts Point,8,1610.62,16.0
Hunts Point,9,1573.33,18.0
Hunts Point,10,1568.33,18.0
Hunts Point,11,1613.33,18.0
Hunts Point,12,1597.89,19.0
Inwood,1,3136.62,74.0
Inwood,2,2948.41,82.0
Inwood,3,2860.47,86.0
Inwood,4,2705.31,96.0
Inwood,5,3077.05,88.0
Inwood,6,3330.76,79.0
Inwood,7,3151.41,85.0
Inwood,8,3034.29,91.0
Inwood,9,3148.24,85.0
Inwood,10,3348.95,76.0
Inwood,11,3303.65,74.0
Inwood,12,3002.03,74.0
Jackson Heights,1,2446.17,115.0
Jackson Heights,2,2503.57,115.0
Jackson Heights,3,2169.46,92.0
Jackson Heights,4,2769.14,128.0
Jackson Heights,5,3176.25,104.0
Jackson Heights,6,2861.79,112.0
Jackson Heights,7,2781.79,117.0
Jackson Heights,8,2861.39,108.0
Jackson Heights,9,2545.0,96.0
Jackson Heights,10,2783.88,103.0
Jackson Heights,11,2864.67,90.0
Jackson Heights,12,2624.2,112.0
Jamaica,1,3075.27,112.0
Jamaica,2,3305.57,167.0
Jamaica,3,3425.49,153.0
Jamaica,4,3656.07,183.0
Jamaica,5,3797.43,179.0
Jamaica,6,3869.63,164.0
Jamaica,7,3792.29,166.0
Jamaica,8,3693.52,162.0
Jamaica,9,3699.29,155.0
Jamaica,10,3606.42,159.0
Jamaica,11,3664.65,155.0
Jamaica,12,3371.52,164.0
Jamaica Estates,1,2530.59,17.0
Jamaica Estates,2,2262.86,7.0
Jamaica Estates,3,3002.5,12.0
Jamaica Estates,4,1798.89,27.0
Jamaica Estates,5,2406.0,30.0
Jamaica Estates,6,2442.41,29.0
Jamaica Estates,7,2455.71,28.0
Jamaica Estates,8,2276.67,27.0
Jamaica Estates,9,1861.2,25.0
Jamaica Estates,10,2415.0,22.0
Jamaica Estates,11,2347.78,27.0
Jamaica Estates,12,2199.23,26.0
Jamaica Hills,1,5898.75,8.0
Jamaica Hills,2,2240.0,3.0
Jamaica Hills,3,6381.82,11.0
Jamaica Hills,4,3534.0,5.0
Jamaica Hills,5,5023.33,9.0
Jamaica Hills,6,4992.0,10.0
Jamaica Hills,7,5146.67,9.0
Jamaica Hills,8,5103.33,9.0
Jamaica Hills,9,3250.0,6.0
Jamaica Hills,10,4374.0,5.0
Jamaica Hills,11,4045.71,7.0
Jamaica Hills,12,5166.0,10.0
Kensington,1,2970.6,50.0
Kensington,2,2971.91,47.0
Kensington,3,2821.46,41.0
Kensington,4,3555.76,59.0
Kensington,5,3596.84,57.0
Kensington,6,2951.67,54.0
Kensington,7,3050.0,51.0
Kensington,8,3240.58,52.0
Kensington,9,2741.59,44.0
Kensington,10,2976.92,52.0
Kensington,11,2880.67,45.0
Kensington,12,2986.98,53.0
Kew Gardens,1,2197.5,16.0
Kew Gardens,2,2760.0,17.0
Kew Gardens,3,2755.5,20.0
Kew Gardens,4,2805.71,21.0
Kew Gardens,5,2353.12,16.0
Kew Gardens,6,2268.0,15.0
Kew Gardens,7,2408.33,18.0
Kew Gardens,8,2441.05,19.0
Kew Gardens,9,2365.0,18.0
Kew Gardens,10,2401.58,19.0
Kew Gardens,11,2272.94,17.0
Kew Gardens,12,2318.82,17.0
Kew Gardens Hills,1,4770.0,10.0
Kew Gardens Hills,2,3486.0,5.0
Kew Gardens Hills,3,5602.94,17.0
Kew Gardens Hills,4,5862.5,12.0
Kew Gardens Hills,5,6232.5,16.0
Kew Gardens Hills,6,5851.67,18.0
Kew Gardens Hills,7,5901.67,18.0
Kew Gardens Hills,8,6072.35,17.0
Kew Gardens Hills,9,4693.64,11.0
Kew Gardens Hills,10,6109.09,11.0
Kew Gardens Hills,11,5294.0,15.0
Kew Gardens Hills,12,5128.12,16.0
Kingsbridge,1,2550.81,37.0
Kingsbridge,2,2362.94,34.0
Kingsbridge,3,2315.29,34.0
Kingsbridge,4,2437.89,38.0
Kingsbridge,5,2260.98,41.0
Kingsbridge,6,2308.5,40.0
Kingsbridge,7,2601.72,29.0
Kingsbridge,8,2516.25,32.0
Kingsbridge,9,2424.64,28.0
Kingsbridge,10,2437.06,34.0
Kingsbridge,11,2410.59,34.0
Kingsbridge,12,2440.0,36.0
Kips Bay,1,5676.88,231.0
Kips Bay,2,5960.08,236.0
Kips Bay,3,6623.14,236.0
Kips Bay,4,6353.51,231.0
Kips Bay,5,6220.36,220.0
Kips Bay,6,7180.99,213.0
Kips Bay,7,7033.67,215.0
Kips Bay,8,6552.27,225.0
Kips Bay,9,6804.57,221.0
Kips Bay,10,7374.44,216.0
Kips Bay,11,6664.95,218.0
Kips Bay,12,5950.0,228.0
Laurelton,1,3306.49,37.0
Laurelton,2,3070.59,34.0
Laurelton,3,3835.26,19.0
Laurelton,4,3164.62,39.0
Laurelton,5,3330.0,37.0
Laurelton,6,3190.29,35.0
Laurelton,7,3057.43,35.0
Laurelton,8,3220.0,36.0
Laurelton,9,3176.57,35.0
Laurelton,10,3197.84,37.0
Laurelton,11,2940.0,25.0
Laurelton,12,3270.81,37.0
Lighthouse Hill,1,5550.0,2.0
Lighthouse Hill,2,5550.0,2.0
Lighthouse Hill,3,5550.0,2.0
Lighthouse Hill,4,5550.0,2.0
Lighthouse Hill,5,5550.0,2.0
Lighthouse Hill,6,5550.0,2.0
Lighthouse Hill,7,5550.0,2.0
Lighthouse Hill,8,5550.0,2.0
Lighthouse Hill,9,5550.0,2.0
Lighthouse Hill,10,5550.0,2.0
Lighthouse Hill,11,5550.0,2.0
Lighthouse Hill,12,5550.0,2.0
Little Italy,1,4911.96,56.0
Little Italy,2,4991.8,61.0
Little Italy,3,5630.36,56.0
Little Italy,4,5317.37,57.0
Little Italy,5,5663.89,54.0
Little Italy,6,6243.83,47.0
Little Italy,7,6826.84,57.0
Little Italy,8,6365.08,59.0
Little Italy,9,6020.0,54.0
Little Italy,10,6173.65,52.0
Little Italy,11,5699.45,55.0
Little Italy,12,5507.14,56.0
Little Neck,1,,
Little Neck,2,,
Little Neck,3,,
Little Neck,4,810.0,1.0
Little Neck,5,810.0,1.0
Little Neck,6,810.0,1.0
Little Neck,7,810.0,1.0
Little Neck,8,810.0,1.0
Little Neck,9,810.0,1.0
Little Neck,10,,
Little Neck,11,,
Little Neck,12,,
Long Island City,1,4584.36,202.0
Long Island City,2,4823.09,204.0
Long Island City,3,5126.61,186.0
Long Island City,4,4644.65,185.0
Long Island City,5,5170.97,175.0
Long Island City,6,4653.68,204.0
Long Island City,7,4711.68,197.0
Long Island City,8,4822.97,192.0
Long Island City,9,4963.3,194.0
Long Island City,10,5077.77,197.0
Long Island City,11,4983.46,191.0
Long Island City,12,4890.9,199.0
Longwood,1,14331.92,26.0
Longwood,2,15216.52,23.0
Longwood,3,15189.13,23.0
Longwood,4,15750.0,23.0
Longwood,5,19416.67,18.0
Longwood,6,16782.86,21.0
Longwood,7,2687.65,17.0
Longwood,8,17461.5,20.0
Longwood,9,2569.41,17.0
Longwood,10,16554.29,21.0
Longwood,11,17133.0,20.0
Longwood,12,15977.73,22.0
Lower East Side,1,5649.37,253.0
Lower East Side,2,5377.99,229.0
Lower East Side,3,6250.65,245.0
Lower East Side,4,5758.3,247.0
Lower East Side,5,6238.89,244.0
Lower East Side,6,6318.58,239.0
Lower East Side,7,6420.77,235.0
Lower East Side,8,6334.16,231.0
Lower East Side,9,6849.47,228.0
Lower East Side,10,7056.35,222.0
Lower East Side,11,6411.65,230.0
Lower East Side,12,5867.62,240.0
Manhattan Beach,1,2850.0,4.0
Manhattan Beach,2,2887.5,4.0
Manhattan Beach,3,2827.5,4.0
Manhattan Beach,4,2934.0,5.0
Manhattan Beach,5,3060.0,4.0
Manhattan Beach,6,3007.5,4.0
Manhattan Beach,7,2838.0,5.0
Manhattan Beach,8,3067.5,4.0
Manhattan Beach,9,9540.0,4.0
Manhattan Beach,10,2898.0,5.0
Manhattan Beach,11,2955.0,4.0
Manhattan Beach,12,2955.0,4.0
Marble Hill,1,3090.0,5.0
Marble Hill,2,3036.0,5.0
Marble Hill,3,2850.0,4.0
Marble Hill,4,3135.0,4.0
Marble Hill,5,3730.0,3.0
Marble Hill,6,3260.0,3.0
Marble Hill,7,3082.5,4.0
Marble Hill,8,3082.5,4.0
Marble Hill,9,3052.5,4.0
Marble Hill,10,3082.5,4.0
Marble Hill,11,3075.0,4.0
Marble Hill,12,3036.0,5.0
Mariners Harbor,1,2749.09,22.0
Mariners Harbor,2,2688.0,20.0
Mariners Harbor,3,2676.0,20.0
Mariners Harbor,4,2730.0,15.0
Mariners Harbor,5,2692.11,19.0
Mariners Harbor,6,2670.0,18.0
Mariners Harbor,7,2501.67,18.0
Mariners Harbor,8,2770.0,21.0
Mariners Harbor,9,2700.0,21.0
Mariners Harbor,10,2765.45,22.0
Mariners Harbor,11,2687.73,22.0
Mariners Harbor,12,2702.73,22.0
Maspeth,1,3277.38,65.0
Maspeth,2,3338.36,61.0
Maspeth,3,2934.49,49.0
Maspeth,4,3018.0,65.0
Maspeth,5,3006.18,68.0
Maspeth,6,3099.84,61.0
Maspeth,7,3140.0,63.0
Maspeth,8,3170.31,65.0
Maspeth,9,3290.38,53.0
Maspeth,10,3319.64,55.0
Maspeth,11,3432.71,59.0
Maspeth,12,3393.75,56.0
Melrose,1,3323.33,9.0
Melrose,2,3196.67,9.0
Melrose,3,2986.67,9.0
Melrose,4,3646.36,11.0
Melrose,5,3812.73,11.0
Melrose,6,3891.0,10.0
Melrose,7,4209.0,10.0
Melrose,8,3566.67,9.0
Melrose,9,3210.0,9.0
Melrose,10,3280.0,9.0
Melrose,11,3316.67,9.0
Melrose,12,3827.14,7.0
Middle Village,1,4293.33,9.0
Middle Village,2,4286.67,9.0
Middle Village,3,4200.0,8.0
Middle Village,4,4913.08,13.0
Middle Village,5,4943.08,13.0
Middle Village,6,4410.0,11.0
Middle Village,7,4467.27,11.0
Middle Village,8,4546.36,11.0
Middle Village,9,4236.67,9.0
Middle Village,10,4180.0,9.0
Middle Village,11,4170.0,9.0
Middle Village,12,3852.0,10.0
Midland Beach,1,3450.0,6.0
Midland Beach,2,3400.0,6.0
Midland Beach,3,3185.0,6.0
Midland Beach,4,3306.0,5.0
Midland Beach,5,3288.0,5.0
Midland Beach,6,3127.5,4.0
Midland Beach,7,2802.0,5.0
Midland Beach,8,2724.0,5.0
Midland Beach,9,3265.0,6.0
Midland Beach,10,3140.0,6.0
Midland Beach,11,3125.0,6.0
Midland Beach,12,3120.0,6.0
Midtown,1,8287.61,773.0
Midtown,2,9365.57,845.0
Midtown,3,11041.2,827.0
Midtown,4,9748.81,630.0
Midtown,5,9857.92,643.0
Midtown,6,9164.62,679.0
Midtown,7,10608.07,742.0
Midtown,8,10851.12,780.0
Midtown,9,11562.85,752.0
Midtown,10,12171.62,773.0
Midtown,11,10979.27,785.0
Midtown,12,10397.88,834.0
Midwood,1,3222.31,39.0
Midwood,2,3230.25,40.0
Midwood,3,3488.71,31.0
Midwood,4,2982.13,47.0
Midwood,5,3004.47,47.0
Midwood,6,2864.32,44.0
Midwood,7,3027.27,44.0
Midwood,8,2974.09,44.0
Midwood,9,2397.5,36.0
Midwood,10,3254.63,41.0
Midwood,11,2299.46,37.0
Midwood,12,3149.25,40.0
Mill Basin,1,5906.67,9.0
Mill Basin,2,5886.67,9.0
Mill Basin,3,6142.5,8.0
Mill Basin,4,5860.0,6.0
Mill Basin,5,6231.43,7.0
Mill Basin,6,5730.0,7.0
Mill Basin,7,6364.29,7.0
Mill Basin,8,6150.0,7.0
Mill Basin,9,5906.25,8.0
Mill Basin,10,5966.67,9.0
Mill Basin,11,5520.0,6.0
Mill Basin,12,6352.5,8.0
Morningside Heights,1,3294.84,64.0
Morningside Heights,2,3230.73,55.0
Morningside Heights,3,3394.07,59.0
Morningside Heights,4,3375.76,59.0
Morningside Heights,5,3360.0,62.0
Morningside Heights,6,3328.1,63.0
Morningside Heights,7,3280.71,70.0
Morningside Heights,8,3163.97,58.0
Morningside Heights,9,3467.45,55.0
Morningside Heights,10,3512.45,49.0
Morningside Heights,11,3456.11,54.0
Morningside Heights,12,3610.68,59.0
Morris Heights,1,2978.18,11.0
Morris Heights,2,2852.73,11.0
Morris Heights,3,2320.0,9.0
Morris Heights,4,2778.0,15.0
Morris Heights,5,2903.57,14.0
Morris Heights,6,3039.23,13.0
Morris Heights,7,3192.5,12.0
Morris Heights,8,3046.15,13.0
Morris Heights,9,2827.5,12.0
Morris Heights,10,2590.0,12.0
Morris Heights,11,2681.54,13.0
Morris Heights,12,2660.77,13.0
Morris Park,1,3594.23,26.0
Morris Park,2,3315.0,30.0
Morris Park,3,3306.77,31.0
Morris Park,4,2304.44,27.0
Morris Park,5,2994.83,29.0
Morris Park,6,2901.25,24.0
Morris Park,7,2868.62,29.0
Morris Park,8,3552.69,26.0
Morris Park,9,3727.2,25.0
Morris Park,10,3573.1,29.0
Morris Park,11,3598.89,27.0
Morris Park,12,3427.24,29.0
Morrisania,1,2626.67,9.0
Morrisania,2,2650.0,9.0
Morrisania,3,2562.86,7.0
Morrisania,4,2327.14,7.0
Morrisania,5,2662.5,8.0
Morrisania,6,2418.0,5.0
Morrisania,7,2715.0,6.0
Morrisania,8,2625.0,10.0
Morrisania,9,2796.0,10.0
Morrisania,10,2580.0,10.0
Morrisania,11,2586.67,9.0
Morrisania,12,2538.0,10.0
Mott Haven,1,3981.6,25.0
Mott Haven,2,3648.21,28.0
Mott Haven,3,3407.59,29.0
Mott Haven,4,4256.67,45.0
Mott Haven,5,4582.31,39.0
Mott Haven,6,4141.71,35.0
Mott Haven,7,4376.67,36.0
Mott Haven,8,4152.0,35.0
Mott Haven,9,4339.35,31.0
Mott Haven,10,4012.26,31.0
Mott Haven,11,3756.0,30.0
Mott Haven,12,3617.0,30.0
Mount Eden,1,3330.0,5.0
Mount Eden,2,3330.0,5.0
Mount Eden,3,2862.0,5.0
Mount Eden,4,3077.14,7.0
Mount Eden,5,3085.71,7.0
Mount Eden,6,3090.0,7.0
Mount Eden,7,3455.0,6.0
Mount Eden,8,3111.43,7.0
Mount Eden,9,3396.0,5.0
Mount Eden,10,3396.0,5.0
Mount Eden,11,3330.0,5.0
Mount Eden,12,3750.0,4.0
Mount Hope,1,2695.2,25.0
Mount Hope,2,2673.75,24.0
Mount Hope,3,2845.91,22.0
Mount Hope,4,2770.38,26.0
Mount Hope,5,2919.6,25.0
Mount Hope,6,3063.91,23.0
Mount Hope,7,2859.0,20.0
Mount Hope,8,2869.57,23.0
Mount Hope,9,3050.0,21.0
Mount Hope,10,2998.75,24.0
Mount Hope,11,2993.08,26.0
Mount Hope,12,2585.56,27.0
Murray Hill,1,6269.78,271.0
Murray Hill,2,6605.66,265.0
Murray Hill,3,7384.33,263.0
Murray Hill,4,6984.56,248.0
Murray Hill,5,6934.36,241.0
Murray Hill,6,8003.5,226.0
Murray Hill,7,7602.7,248.0
Murray Hill,8,7704.72,250.0
Murray Hill,9,8708.99,247.0
Murray Hill,10,8223.98,256.0
Murray Hill,11,7547.9,248.0
Murray Hill,12,7296.45,265.0
Navy Yard,1,14580.0,4.0
Navy Yard,2,14520.0,4.0
Navy Yard,3,18630.0,3.0
Navy Yard,4,2070.0,1.0
Navy Yard,5,18690.0,3.0
Navy Yard,6,4785.0,2.0
Navy Yard,7,5910.0,2.0
Navy Yard,8,18690.0,3.0
Navy Yard,9,2070.0,1.0
Navy Yard,10,18690.0,3.0
Navy Yard,11,18690.0,3.0
Navy Yard,12,18790.0,3.0
Neponsit,1,8160.0,2.0
Neponsit,2,8160.0,2.0
Neponsit,3,9525.0,2.0
Neponsit,4,8850.0,1.0
Neponsit,5,8850.0,1.0
Neponsit,6,8850.0,1.0
Neponsit,7,8850.0,1.0
Neponsit,8,8160.0,2.0
Neponsit,9,8160.0,2.0
Neponsit,10,8160.0,2.0
Neponsit,11,8160.0,2.0
Neponsit,12,8160.0,2.0
New Brighton,1,6909.0,10.0
New Brighton,2,6798.0,10.0
New Brighton,3,7253.33,9.0
New Brighton,4,3210.0,9.0
New Brighton,5,3018.0,10.0
New Brighton,6,6092.73,11.0
New Brighton,7,7998.75,8.0
New Brighton,8,7905.0,8.0
New Brighton,9,8785.71,7.0
New Brighton,10,7360.0,9.0
New Brighton,11,6732.0,10.0
New Brighton,12,4134.0,10.0
New Dorp,1,,
New Dorp,2,,
New Dorp,3,,
New Dorp,4,,
New Dorp,5,,
New Dorp,6,,
New Dorp,7,,
New Dorp,8,,
New Dorp,9,,
New Dorp,10,,
New Dorp,11,,
New Dorp,12,,
New Dorp Beach,1,1860.0,2.0
New Dorp Beach,2,1950.0,2.0
New Dorp Beach,3,1950.0,2.0
New Dorp Beach,4,1500.0,1.0
New Dorp Beach,5,1680.0,2.0
New Dorp Beach,6,1950.0,2.0
New Dorp Beach,7,1950.0,2.0
New Dorp Beach,8,1950.0,2.0
New Dorp Beach,9,2040.0,2.0
New Dorp Beach,10,2040.0,2.0
New Dorp Beach,11,2040.0,2.0
New Dorp Beach,12,2040.0,2.0
New Springville,1,3900.0,1.0
New Springville,2,3900.0,1.0
New Springville,3,3900.0,1.0
New Springville,4,,
New Springville,5,,
New Springville,6,,
New Springville,7,,
New Springville,8,,
New Springville,9,,
New Springville,10,,
New Springville,11,3900.0,1.0
New Springville,12,3900.0,1.0
NoHo,1,13538.57,14.0
NoHo,2,14028.75,8.0
NoHo,3,17558.82,17.0
NoHo,4,12971.25,8.0
NoHo,5,13002.0,10.0
NoHo,6,14937.69,13.0
NoHo,7,17365.38,13.0
NoHo,8,18307.5,12.0
NoHo,9,18381.0,10.0
NoHo,10,16568.18,11.0
NoHo,11,15565.0,12.0
NoHo,12,12700.0,12.0
Nolita,1,8013.46,104.0
Nolita,2,5678.57,42.0
Nolita,3,9276.67,90.0
Nolita,4,8997.27,88.0
Nolita,5,9036.0,85.0
Nolita,6,9661.65,91.0
Nolita,7,9969.44,89.0
Nolita,8,9816.73,98.0
Nolita,9,10430.3,99.0
Nolita,10,9510.0,101.0
Nolita,11,9425.0,102.0
Nolita,12,8448.18,99.0
North Riverdale,1,3370.0,6.0
North Riverdale,2,3240.0,6.0
North Riverdale,3,3438.0,5.0
North Riverdale,4,3068.57,7.0
North Riverdale,5,3097.5,8.0
North Riverdale,6,3097.5,8.0
North Riverdale,7,3080.0,6.0
North Riverdale,8,2918.57,7.0
North Riverdale,9,2918.57,7.0
North Riverdale,10,3235.0,6.0
North Riverdale,11,3230.0,6.0
North Riverdale,12,3355.0,6.0
Norwood,1,3035.56,27.0
Norwood,2,2972.0,30.0
Norwood,3,2895.6,25.0
Norwood,4,2535.0,26.0
Norwood,5,2645.17,29.0
Norwood,6,2632.0,30.0
Norwood,7,2738.18,22.0
Norwood,8,2740.8,25.0
Norwood,9,2744.0,30.0
Norwood,10,2778.0,30.0
Norwood,11,2838.62,29.0
Norwood,12,2945.81,31.0
Oakwood,1,5250.0,1.0
Oakwood,2,5250.0,1.0
Oakwood,3,5250.0,1.0
Oakwood,4,5250.0,1.0
Oakwood,5,4575.0,2.0
Oakwood,6,4575.0,2.0
Oakwood,7,5250.0,1.0
Oakwood,8,4575.0,2.0
Oakwood,9,5250.0,1.0
Oakwood,10,5250.0,1.0
Oakwood,11,5250.0,1.0
Oakwood,12,4140.0,3.0
Olinville,1,3780.0,3.0
Olinville,2,3780.0,3.0
Olinville,3,3470.0,3.0
Olinville,4,3285.0,6.0
Olinville,5,3702.0,5.0
Olinville,6,3702.0,5.0
Olinville,7,3980.0,3.0
Olinville,8,3850.0,3.0
Olinville,9,3990.0,3.0
Olinville,10,3780.0,3.0
Olinville,11,4830.0,2.0
Olinville,12,3780.0,3.0
Ozone Park,1,2878.24,51.0
Ozone Park,2,2944.2,50.0
Ozone Park,3,2683.85,52.0
Ozone Park,4,2957.56,41.0
Ozone Park,5,3013.17,41.0
Ozone Park,6,3053.25,40.0
Ozone Park,7,3042.86,42.0
Ozone Park,8,3110.43,47.0
Ozone Park,9,3052.83,46.0
Ozone Park,10,3028.57,42.0
Ozone Park,11,2824.67,45.0
Ozone Park,12,2542.04,49.0
Park Slope,1,5962.98,141.0
Park Slope,2,6329.78,137.0
Park Slope,3,6210.94,127.0
Park Slope,4,6896.81,141.0
Park Slope,5,7371.9,137.0
Park Slope,6,7431.04,134.0
Park Slope,7,6863.49,129.0
Park Slope,8,6410.79,127.0
Park Slope,9,6506.02,128.0
Park Slope,10,6673.66,123.0
Park Slope,11,6416.25,128.0
Park Slope,12,6953.79,140.0
Parkchester,1,2380.0,12.0
Parkchester,2,3230.62,16.0
Parkchester,3,3107.14,14.0
Parkchester,4,2494.5,20.0
Parkchester,5,2636.25,16.0
Parkchester,6,2347.06,17.0
Parkchester,7,3154.62,13.0
Parkchester,8,2776.0,15.0
Parkchester,9,2812.5,12.0
Parkchester,10,3064.0,15.0
Parkchester,11,3116.0,15.0
Parkchester,12,2260.0,12.0
Pelham Bay,1,3999.0,10.0
Pelham Bay,2,4091.25,8.0
Pelham Bay,3,4090.0,9.0
Pelham Bay,4,3782.73,11.0
Pelham Bay,5,4506.67,9.0
Pelham Bay,6,4335.0,10.0
Pelham Bay,7,4356.0,10.0
Pelham Bay,8,4088.18,11.0
Pelham Bay,9,5215.71,7.0
Pelham Bay,10,4317.0,10.0
Pelham Bay,11,4317.0,10.0
Pelham Bay,12,4096.67,9.0
Pelham Gardens,1,3103.64,22.0
Pelham Gardens,2,3069.55,22.0
Pelham Gardens,3,3005.71,21.0
Pelham Gardens,4,3351.6,25.0
Pelham Gardens,5,3354.0,25.0
Pelham Gardens,6,3464.35,23.0
Pelham Gardens,7,2755.0,18.0
Pelham Gardens,8,3042.86,21.0
Pelham Gardens,9,2908.24,17.0
Pelham Gardens,10,3091.43,21.0
Pelham Gardens,11,3225.79,19.0
Pelham Gardens,12,3196.5,20.0
Pleasant Plains,1,,
Pleasant Plains,2,,
Pleasant Plains,3,,
Pleasant Plains,4,,
Pleasant Plains,5,,
Pleasant Plains,6,,
Pleasant Plains,7,,
Pleasant Plains,8,,
Pleasant Plains,9,,
Pleasant Plains,10,,
Pleasant Plains,11,,
Pleasant Plains,12,,
Port Ivory,1,,
Port Ivory,2,,
Port Ivory,3,,
Port Ivory,4,,
Port Ivory,5,,
Port Ivory,6,,
Port Ivory,7,,
Port Ivory,8,,
Port Ivory,9,,
Port Ivory,10,,
Port Ivory,11,,
Port Ivory,12,,
Port Morris,1,3934.62,13.0
Port Morris,2,3946.15,13.0
Port Morris,3,3722.31,13.0
Port Morris,4,4034.12,17.0
Port Morris,5,4104.38,16.0
Port Morris,6,4326.92,13.0
Port Morris,7,4257.5,12.0
Port Morris,8,4127.14,14.0
Port Morris,9,3874.29,14.0
Port Morris,10,4050.0,13.0
Port Morris,11,3966.92,13.0
Port Morris,12,4185.0,12.0
Port Richmond,1,1835.0,6.0
Port Richmond,2,1835.0,6.0
Port Richmond,3,1855.0,6.0
Port Richmond,4,1785.0,6.0
Port Richmond,5,1785.0,6.0
Port Richmond,6,1860.0,6.0
Port Richmond,7,1760.0,6.0
Port Richmond,8,2083.33,9.0
Port Richmond,9,1735.0,6.0
Port Richmond,10,1810.0,6.0
Port Richmond,11,1885.71,7.0
Port Richmond,12,1835.0,6.0
Prince's Bay,1,9084.0,5.0
Prince's Bay,2,9080.0,6.0
Prince's Bay,3,9095.0,6.0
Prince's Bay,4,3505.0,6.0
Prince's Bay,5,3345.0,6.0
Prince's Bay,6,3410.0,6.0
Prince's Bay,7,3287.14,7.0
Prince's Bay,8,4131.43,7.0
Prince's Bay,9,5100.0,5.0
Prince's Bay,10,5100.0,5.0
Prince's Bay,11,4956.0,5.0
Prince's Bay,12,4998.0,5.0
Prospect Heights,1,8751.6,75.0
Prospect Heights,2,8720.68,74.0
Prospect Heights,3,8452.92,72.0
Prospect Heights,4,8718.38,80.0
Prospect Heights,5,8740.0,78.0
Prospect Heights,6,8989.05,74.0
Prospect Heights,7,8841.89,74.0
Prospect Heights,8,8693.6,75.0
Prospect Heights,9,7429.85,65.0
Prospect Heights,10,9089.58,71.0
Prospect Heights,11,9125.49,71.0
Prospect Heights,12,7451.51,73.0
Prospect-Lefferts Gardens,1,3419.09,197.0
Prospect-Lefferts Gardens,2,3353.76,202.0
Prospect-Lefferts Gardens,3,4261.18,127.0
Prospect-Lefferts Gardens,4,3763.02,205.0
Prospect-Lefferts Gardens,5,3668.89,199.0
Prospect-Lefferts Gardens,6,3689.11,202.0
Prospect-Lefferts Gardens,7,3685.74,197.0
Prospect-Lefferts Gardens,8,3651.41,199.0
Prospect-Lefferts Gardens,9,3589.6,199.0
Prospect-Lefferts Gardens,10,3621.57,210.0
Prospect-Lefferts Gardens,11,3589.85,201.0
Prospect-Lefferts Gardens,12,3635.72,173.0
Queens Village,1,3799.77,44.0
Queens Village,2,4633.4,47.0
Queens Village,3,4600.62,48.0
Queens Village,4,4586.79,56.0
Queens Village,5,4492.76,58.0
Queens Village,6,4791.76,51.0
Queens Village,7,4508.24,51.0
Queens Village,8,4658.65,52.0
Queens Village,9,4677.17,53.0
Queens Village,10,4603.2,50.0
Queens Village,11,4556.25,40.0
Queens Village,12,5017.22,54.0
Randall Manor,1,3285.0,12.0
Randall Manor,2,3300.0,13.0
Randall Manor,3,3304.62,13.0
Randall Manor,4,2706.0,10.0
Randall Manor,5,2719.09,11.0
Randall Manor,6,2885.0,12.0
Randall Manor,7,2620.0,9.0
Randall Manor,8,2628.0,10.0
Randall Manor,9,2628.0,10.0
Randall Manor,10,3117.27,11.0
Randall Manor,11,3189.23,13.0
Randall Manor,12,3357.69,13.0
Red Hook,1,6362.73,22.0
Red Hook,2,6433.5,20.0
Red Hook,3,6607.14,21.0
Red Hook,4,5687.31,26.0
Red Hook,5,5760.0,27.0
Red Hook,6,6024.44,27.0
Red Hook,7,6049.2,25.0
Red Hook,8,6158.18,22.0
Red Hook,9,6039.0,20.0
Red Hook,10,6170.45,22.0
Red Hook,11,5998.64,22.0
Red Hook,12,6366.82,22.0
Rego Park,1,2617.0,30.0
Rego Park,2,2426.57,35.0
Rego Park,3,2561.61,31.0
Rego Park,4,2287.14,42.0
Rego Park,5,2258.68,38.0
Rego Park,6,2333.85,39.0
Rego Park,7,2456.57,35.0
Rego Park,8,2460.0,32.0
Rego Park,9,2490.0,31.0
Rego Park,10,2610.0,26.0
Rego Park,11,2636.67,27.0
Rego Park,12,2600.69,29.0
Richmond Hill,1,2685.96,47.0
Richmond Hill,2,2705.4,50.0
Richmond Hill,3,2669.36,47.0
Richmond Hill,4,3309.58,72.0
Richmond Hill,5,3264.68,62.0
Richmond Hill,6,2995.86,58.0
Richmond Hill,7,2855.81,62.0
Richmond Hill,8,2818.12,64.0
Richmond Hill,9,2831.58,57.0
Richmond Hill,10,2685.97,62.0
Richmond Hill,11,2728.36,55.0
Richmond Hill,12,2654.24,59.0
Richmondtown,1,2250.0,1.0
Richmondtown,2,2250.0,1.0
Richmondtown,3,,
Richmondtown,4,2085.0,2.0
Richmondtown,5,1860.0,2.0
Richmondtown,6,1860.0,2.0
Richmondtown,7,1200.0,1.0
Richmondtown,8,1500.0,1.0
Richmondtown,9,2250.0,1.0
Richmondtown,10,2250.0,1.0
Richmondtown,11,2250.0,1.0
Richmondtown,12,2250.0,1.0
Ridgewood,1,2903.77,183.0
Ridgewood,2,2841.19,194.0
Ridgewood,3,2979.12,171.0
Ridgewood,4,2965.74,197.0
Ridgewood,5,3083.33,189.0
Ridgewood,6,3121.04,201.0
Ridgewood,7,3085.52,194.0
Ridgewood,8,3009.12,194.0
Ridgewood,9,3056.21,206.0
Ridgewood,10,3006.72,201.0
Ridgewood,11,2935.81,186.0
Ridgewood,12,2889.95,199.0
Riverdale,1,,
Riverdale,2,,
Riverdale,3,2070.0,1.0
Riverdale,4,2745.0,2.0
Riverdale,5,2745.0,2.0
Riverdale,6,2745.0,2.0
Riverdale,7,2745.0,2.0
Riverdale,8,2190.0,1.0
Riverdale,9,2025.0,2.0
Riverdale,10,1920.0,2.0
Riverdale,11,1920.0,2.0
Riverdale,12,,
Rockaway Beach,1,4109.19,37.0
Rockaway Beach,2,4085.38,39.0
Rockaway Beach,3,3922.5,40.0
Rockaway Beach,4,4303.5,40.0
Rockaway Beach,5,4427.86,42.0
Rockaway Beach,6,4687.32,41.0
Rockaway Beach,7,4722.44,41.0
Rockaway Beach,8,4502.43,37.0
Rockaway Beach,9,4302.16,37.0
Rockaway Beach,10,4185.0,42.0
Rockaway Beach,11,4273.42,38.0
Rockaway Beach,12,4591.5,40.0
Roosevelt Island,1,7163.57,14.0
Roosevelt Island,2,6000.0,19.0
Roosevelt Island,3,6306.67,18.0
Roosevelt Island,4,5675.0,18.0
Roosevelt Island,5,5828.82,17.0
Roosevelt Island,6,6264.71,17.0
Roosevelt Island,7,6990.0,17.0
Roosevelt Island,8,7488.75,16.0
Roosevelt Island,9,7235.62,16.0
Roosevelt Island,10,7132.94,17.0
Roosevelt Island,11,6780.0,18.0
Roosevelt Island,12,8185.38,13.0
Rosebank,1,3322.5,4.0
Rosebank,2,2532.0,5.0
Rosebank,3,3060.0,4.0
Rosebank,4,3360.0,5.0
Rosebank,5,3348.0,5.0
Rosebank,6,3336.0,5.0
Rosebank,7,3222.0,5.0
Rosebank,8,3210.0,5.0
Rosebank,9,3006.0,5.0
Rosebank,10,3192.0,5.0
Rosebank,11,3352.5,4.0
Rosebank,12,3352.5,4.0
Rosedale,1,5899.22,64.0
Rosedale,2,3633.18,66.0
Rosedale,3,6818.3,47.0
Rosedale,4,5603.51,74.0
Rosedale,5,5644.46,74.0
Rosedale,6,5761.71,70.0
Rosedale,7,4752.68,71.0
Rosedale,8,3691.76,68.0
Rosedale,9,3511.9,63.0
Rosedale,10,3548.85,61.0
Rosedale,11,2974.17,36.0
Rosedale,12,5774.78,67.0
Rossville,1,,
Rossville,2,2610.0,3.0
Rossville,3,2440.0,3.0
Rossville,4,25200.0,1.0
Rossville,5,25200.0,1.0
Rossville,6,25200.0,1.0
Rossville,7,25200.0,1.0
Rossville,8,25200.0,1.0
Rossville,9,25200.0,1.0
Rossville,10,,
Rossville,11,,
Rossville,12,,
Schuylerville,1,2838.0,15.0
Schuylerville,2,2877.86,14.0
Schuylerville,3,2834.0,15.0
Schuylerville,4,3178.33,18.0
Schuylerville,5,3093.75,16.0
Schuylerville,6,3400.59,17.0
Schuylerville,7,3070.0,18.0
Schuylerville,8,3186.67,18.0
Schuylerville,9,2973.53,17.0
Schuylerville,10,3017.65,17.0
Schuylerville,11,3423.75,16.0
Schuylerville,12,3104.0,15.0
Sea Gate,1,2922.0,10.0
Sea Gate,2,3590.0,9.0
Sea Gate,3,3706.36,11.0
Sea Gate,4,3646.15,13.0
Sea Gate,5,4105.38,13.0
Sea Gate,6,4452.86,7.0
Sea Gate,7,4400.0,12.0
Sea Gate,8,4060.0,12.0
Sea Gate,9,3870.0,10.0
Sea Gate,10,4170.0,11.0
Sea Gate,11,4298.18,11.0
Sea Gate,12,3711.82,11.0
Sheepshead Bay,1,4051.74,69.0
Sheepshead Bay,2,4215.65,69.0
Sheepshead Bay,3,4234.22,64.0
Sheepshead Bay,4,4720.52,77.0
Sheepshead Bay,5,4199.61,77.0
Sheepshead Bay,6,4633.42,76.0
Sheepshead Bay,7,4907.53,77.0
Sheepshead Bay,8,4733.25,80.0
Sheepshead Bay,9,3951.94,67.0
Sheepshead Bay,10,4551.49,74.0
Sheepshead Bay,11,3758.23,62.0
Sheepshead Bay,12,4163.91,69.0
Shore Acres,1,2677.5,8.0
Shore Acres,2,2662.5,8.0
Shore Acres,3,2715.0,8.0
Shore Acres,4,3125.45,11.0
Shore Acres,5,3273.0,10.0
Shore Acres,6,3136.36,11.0
Shore Acres,7,3090.0,11.0
Shore Acres,8,3078.0,10.0
Shore Acres,9,3060.0,10.0
Shore Acres,10,2643.75,8.0
Shore Acres,11,2640.0,8.0
Shore Acres,12,2640.0,8.0
Silver Lake,1,3830.0,3.0
Silver Lake,2,3540.0,4.0
Silver Lake,3,3540.0,4.0
Silver Lake,4,3770.0,3.0
Silver Lake,5,4110.0,2.0
Silver Lake,6,4110.0,2.0
Silver Lake,7,4110.0,2.0
Silver Lake,8,4560.0,2.0
Silver Lake,9,4110.0,2.0
Silver Lake,10,4110.0,2.0
Silver Lake,11,3830.0,3.0
Silver Lake,12,4280.0,3.0
SoHo,1,11803.66,101.0
SoHo,2,9481.81,83.0
SoHo,3,13143.75,104.0
SoHo,4,12428.15,92.0
SoHo,5,14663.0,90.0
SoHo,6,11335.47,86.0
SoHo,7,12194.18,91.0
SoHo,8,12128.62,94.0
SoHo,9,13035.32,94.0
SoHo,10,13942.75,91.0
SoHo,11,13319.35,92.0
SoHo,12,12390.0,94.0
Soundview,1,3415.0,12.0
Soundview,2,3402.5,12.0
Soundview,3,3343.64,11.0
Soundview,4,3122.0,15.0
Soundview,5,3105.0,14.0
Soundview,6,3322.5,12.0
Soundview,7,3703.33,9.0
Soundview,8,3307.5,12.0
Soundview,9,3403.64,11.0
Soundview,10,3410.0,12.0
Soundview,11,3410.0,12.0
Soundview,12,3459.23,13.0
South Beach,1,2515.71,7.0
South Beach,2,2572.5,8.0
South Beach,3,2550.0,8.0
South Beach,4,2520.0,5.0
South Beach,5,2628.0,5.0
South Beach,6,2628.0,5.0
South Beach,7,2575.0,6.0
South Beach,8,2600.0,6.0
South Beach,9,2610.0,6.0
South Beach,10,2575.0,6.0
South Beach,11,2575.0,6.0
South Beach,12,2575.0,6.0
South Ozone Park,1,3187.89,19.0
South Ozone Park,2,4223.79,29.0
South Ozone Park,3,4348.93,28.0
South Ozone Park,4,4020.0,37.0
South Ozone Park,5,4493.41,41.0
South Ozone Park,6,4738.33,36.0
South Ozone Park,7,4029.09,33.0
South Ozone Park,8,4333.45,29.0
South Ozone Park,9,4290.0,31.0
South Ozone Park,10,4471.88,32.0
South Ozone Park,11,4022.9,31.0
South Ozone Park,12,3811.88,32.0
South Slope,1,5235.6,75.0
South Slope,2,5454.16,77.0
South Slope,3,5384.59,74.0
South Slope,4,5530.77,78.0
South Slope,5,5831.1,73.0
South Slope,6,5473.75,72.0
South Slope,7,5696.67,72.0
South Slope,8,5672.96,71.0
South Slope,9,5762.47,73.0
South Slope,10,5758.8,75.0
South Slope,11,5579.6,75.0
South Slope,12,5431.62,74.0
Springfield Gardens,1,3929.39,49.0
Springfield Gardens,2,4438.7,69.0
Springfield Gardens,3,4643.21,53.0
Springfield Gardens,4,4147.01,77.0
Springfield Gardens,5,4230.0,78.0
Springfield Gardens,6,4341.92,78.0
Springfield Gardens,7,4529.61,77.0
Springfield Gardens,8,4364.25,80.0
Springfield Gardens,9,4392.15,79.0
Springfield Gardens,10,4178.57,77.0
Springfield Gardens,11,4273.0,60.0
Springfield Gardens,12,4389.13,69.0
Spuyten Duyvil,1,5334.0,5.0
Spuyten Duyvil,2,5334.0,5.0
Spuyten Duyvil,3,5274.0,5.0
Spuyten Duyvil,4,4956.0,5.0
Spuyten Duyvil,5,4956.0,5.0
Spuyten Duyvil,6,4956.0,5.0
Spuyten Duyvil,7,5334.0,5.0
Spuyten Duyvil,8,5334.0,5.0
Spuyten Duyvil,9,5334.0,5.0
Spuyten Duyvil,10,5655.0,4.0
Spuyten Duyvil,11,5334.0,5.0
Spuyten Duyvil,12,4720.0,6.0
St. Albans,1,2796.96,69.0
St. Albans,2,3248.76,89.0
St. Albans,3,3139.88,83.0
St. Albans,4,3517.19,96.0
St. Albans,5,3391.61,93.0
St. Albans,6,3354.63,95.0
St. Albans,7,3246.7,94.0
St. Albans,8,3313.87,93.0
St. Albans,9,3435.84,89.0
St. Albans,10,3270.0,100.0
St. Albans,11,3438.23,79.0
St. Albans,12,3310.43,92.0
St. George,1,3281.61,31.0
St. George,2,3484.84,31.0
St. George,3,3591.0,30.0
St. George,4,3015.94,32.0
St. George,5,3136.76,34.0
St. George,6,3201.43,35.0
St. George,7,3278.82,34.0
St. George,8,3264.38,32.0
St. George,9,3333.87,31.0
St. George,10,3273.87,31.0
St. George,11,3331.0,30.0
St. George,12,4196.0,30.0
Stapleton,1,2900.0,9.0
Stapleton,2,3133.33,9.0
Stapleton,3,2900.0,9.0
Stapleton,4,3818.57,7.0
Stapleton,5,3050.0,6.0
Stapleton,6,3019.09,11.0
Stapleton,7,2959.09,11.0
Stapleton,8,2972.73,11.0
Stapleton,9,3025.0,12.0
Stapleton,10,3017.5,12.0
Stapleton,11,2959.09,11.0
Stapleton,12,2754.55,11.0
Stuyvesant Town,1,7472.07,29.0
Stuyvesant Town,2,6830.0,30.0
Stuyvesant Town,3,6703.0,30.0
Stuyvesant Town,4,6998.75,24.0
Stuyvesant Town,5,6918.75,24.0
Stuyvesant Town,6,7132.22,27.0
Stuyvesant Town,7,7000.34,29.0
Stuyvesant Town,8,6724.14,29.0
Stuyvesant Town,9,6822.5,24.0
Stuyvesant Town,10,7472.73,22.0
Stuyvesant Town,11,7272.0,25.0
Stuyvesant Town,12,6334.74,19.0
Sunnyside,1,3757.62,126.0
Sunnyside,2,3756.2,121.0
Sunnyside,3,3293.39,109.0
Sunnyside,4,2976.8,97.0
Sunnyside,5,3673.89,95.0
Sunnyside,6,3731.56,122.0
Sunnyside,7,3670.84,119.0
Sunnyside,8,3515.31,130.0
Sunnyside,9,3755.91,127.0
Sunnyside,10,3752.58,128.0
Sunnyside,11,3801.73,127.0
Sunnyside,12,3574.78,138.0
Sunset Park,1,3617.9,119.0
Sunset Park,2,3759.12,125.0
Sunset Park,3,3664.07,118.0
Sunset Park,4,3715.37,149.0
Sunset Park,5,3755.61,139.0
Sunset Park,6,3920.71,126.0
Sunset Park,7,3798.32,113.0
Sunset Park,8,3746.09,115.0
Sunset Park,9,3643.19,116.0
Sunset Park,10,3681.77,124.0
Sunset Park,11,3725.56,124.0
Sunset Park,12,3787.68,125.0
Theater District,1,8754.45,119.0
Theater District,2,8608.4,150.0
Theater District,3,10461.27,134.0
Theater District,4,7869.92,121.0
Theater District,5,11985.47,128.0
Theater District,6,12805.9,139.0
Theater District,7,10626.62,154.0
Theater District,8,10292.96,152.0
Theater District,9,12307.8,150.0
Theater District,10,12465.71,147.0
Theater District,11,11000.85,141.0
Theater District,12,10667.8,150.0
Throgs Neck,1,3678.89,27.0
Throgs Neck,2,3768.21,28.0
Throgs Neck,3,3631.0,30.0
Throgs Neck,4,3722.31,26.0
Throgs Neck,5,3877.2,25.0
Throgs Neck,6,3996.67,27.0
Throgs Neck,7,3722.14,28.0
Throgs Neck,8,3931.0,30.0
Throgs Neck,9,3836.67,27.0
Throgs Neck,10,3980.0,30.0
Throgs Neck,11,3643.45,29.0
Throgs Neck,12,3736.07,28.0
Todt Hill,1,1650.0,1.0
Todt Hill,2,2270.0,3.0
Todt Hill,3,2270.0,3.0
Todt Hill,4,1650.0,1.0
Todt Hill,5,1575.0,2.0
Todt Hill,6,3450.0,3.0
Todt Hill,7,1575.0,2.0
Todt Hill,8,,
Todt Hill,9,,
Todt Hill,10,,
Todt Hill,11,,
Todt Hill,12,,
Tompkinsville,1,2923.45,29.0
Tompkinsville,2,2801.25,32.0
Tompkinsville,3,3043.45,29.0
Tompkinsville,4,2836.07,28.0
Tompkinsville,5,2842.5,28.0
Tompkinsville,6,2831.38,29.0
Tompkinsville,7,2807.59,29.0
Tompkinsville,8,2851.03,29.0
Tompkinsville,9,2800.0,30.0
Tompkinsville,10,2808.39,31.0
Tompkinsville,11,2850.0,29.0
Tompkinsville,12,2852.9,31.0
Tottenville,1,4320.0,2.0
Tottenville,2,4320.0,2.0
Tottenville,3,4740.0,2.0
Tottenville,4,3172.5,4.0
Tottenville,5,4050.0,3.0
Tottenville,6,4030.0,3.0
Tottenville,7,4470.0,2.0
Tottenville,8,4470.0,2.0
Tottenville,9,4470.0,2.0
Tottenville,10,4320.0,2.0
Tottenville,11,4320.0,2.0
Tottenville,12,4320.0,2.0
Tremont,1,2898.75,8.0
Tremont,2,2898.75,8.0
Tremont,3,3123.33,9.0
Tremont,4,2705.45,11.0
Tremont,5,2650.0,12.0
Tremont,6,2700.0,11.0
Tremont,7,3108.75,8.0
Tremont,8,2800.0,12.0
Tremont,9,2865.0,6.0
Tremont,10,2876.67,9.0
Tremont,11,2876.67,9.0
Tremont,12,2693.33,9.0
Tribeca,1,14554.14,87.0
Tribeca,2,13489.88,80.0
Tribeca,3,16066.12,80.0
Tribeca,4,14249.22,77.0
Tribeca,5,15786.59,82.0
Tribeca,6,16114.29,84.0
Tribeca,7,16218.71,85.0
Tribeca,8,15600.69,87.0
Tribeca,9,18245.49,82.0
Tribeca,10,17480.62,80.0
Tribeca,11,16618.95,86.0
Tribeca,12,14290.0,87.0
Two Bridges,1,4021.58,19.0
Two Bridges,2,3893.33,18.0
Two Bridges,3,4054.29,14.0
Two Bridges,4,3851.05,19.0
Two Bridges,5,4034.12,17.0
Two Bridges,6,3762.0,15.0
Two Bridges,7,4055.29,17.0
Two Bridges,8,4010.53,19.0
Two Bridges,9,4175.0,18.0
Two Bridges,10,4305.0,16.0
Two Bridges,11,4572.86,21.0
Two Bridges,12,4371.67,18.0
Unionport,1,4076.67,9.0
Unionport,2,3998.57,7.0
Unionport,3,4176.0,10.0
Unionport,4,3347.14,7.0
Unionport,5,3347.14,7.0
Unionport,6,3368.57,7.0
Unionport,7,3636.0,5.0
Unionport,8,3290.0,6.0
Unionport,9,3400.0,9.0
Unionport,10,3772.5,8.0
Unionport,11,3953.33,9.0
Unionport,12,4320.0,9.0
University Heights,1,3520.0,6.0
University Heights,2,4200.0,5.0
University Heights,3,3942.0,5.0
University Heights,4,5985.0,2.0
University Heights,5,4245.0,4.0
University Heights,6,4432.5,4.0
University Heights,7,3702.0,5.0
University Heights,8,3342.0,5.0
University Heights,9,3312.0,5.0
University Heights,10,3462.0,5.0
University Heights,11,3660.0,6.0
University Heights,12,3860.0,6.0
Upper East Side,1,5798.06,938.0
Upper East Side,2,5787.47,960.0
Upper East Side,3,6639.83,952.0
Upper East Side,4,6601.69,960.0
Upper East Side,5,6450.45,860.0
Upper East Side,6,6859.95,910.0
Upper East Side,7,6559.83,909.0
Upper East Side,8,6367.7,931.0
Upper East Side,9,6673.22,933.0
Upper East Side,10,7004.06,896.0
Upper East Side,11,6563.88,927.0
Upper East Side,12,5837.02,950.0
Upper West Side,1,5825.37,749.0
Upper West Side,2,6423.53,774.0
Upper West Side,3,6871.01,772.0
Upper West Side,4,6433.8,722.0
Upper West Side,5,6680.17,772.0
Upper West Side,6,6602.87,764.0
Upper West Side,7,7176.75,631.0
Upper West Side,8,6879.03,718.0
Upper West Side,9,7453.63,656.0
Upper West Side,10,7407.67,721.0
Upper West Side,11,6971.96,715.0
Upper West Side,12,6323.62,780.0
Van Nest,1,5895.0,6.0
Van Nest,2,6520.0,6.0
Van Nest,3,6384.0,5.0
Van Nest,4,5471.54,13.0
Van Nest,5,5192.5,12.0
Van Nest,6,5192.5,12.0
Van Nest,7,5530.91,11.0
Van Nest,8,5187.27,11.0
Van Nest,9,5228.18,11.0
Van Nest,10,5785.71,7.0
Van Nest,11,5922.86,7.0
Van Nest,12,5925.0,6.0
Vinegar Hill,1,8355.0,16.0
Vinegar Hill,2,8350.59,17.0
Vinegar Hill,3,10957.06,17.0
Vinegar Hill,4,8455.26,19.0
Vinegar Hill,5,9370.71,14.0
Vinegar Hill,6,8149.29,14.0
Vinegar Hill,7,8503.85,13.0
Vinegar Hill,8,8319.23,13.0
Vinegar Hill,9,9489.0,10.0
Vinegar Hill,10,9700.0,9.0
Vinegar Hill,11,8943.33,9.0
Vinegar Hill,12,7985.45,11.0
Wakefield,1,2814.26,47.0
Wakefield,2,2791.88,48.0
Wakefield,3,2705.88,51.0
Wakefield,4,3270.67,45.0
Wakefield,5,2994.41,59.0
Wakefield,6,2923.64,55.0
Wakefield,7,2986.1,41.0
Wakefield,8,2718.89,54.0
Wakefield,9,2877.0,50.0
Wakefield,10,2835.0,54.0
Wakefield,11,2928.37,49.0
Wakefield,12,2879.36,47.0
Washington Heights,1,2930.78,270.0
Washington Heights,2,2882.15,265.0
Washington Heights,3,2844.65,258.0
Washington Heights,4,2927.08,281.0
Washington Heights,5,3023.53,278.0
Washington Heights,6,3014.62,279.0
Washington Heights,7,2977.94,272.0
Washington Heights,8,2946.16,268.0
Washington Heights,9,2978.27,254.0
Washington Heights,10,2956.22,246.0
Washington Heights,11,2736.83,259.0
Washington Heights,12,2939.89,266.0
West Brighton,1,2395.26,19.0
West Brighton,2,2355.79,19.0
West Brighton,3,2431.58,19.0
West Brighton,4,2190.0,15.0
West Brighton,5,2184.0,15.0
West Brighton,6,2201.25,16.0
West Brighton,7,2210.62,16.0
West Brighton,8,2230.0,18.0
West Brighton,9,2301.0,20.0
West Brighton,10,2292.63,19.0
West Brighton,11,2335.26,19.0
West Brighton,12,2248.42,19.0
West Farms,1,4462.5,4.0
West Farms,2,4267.5,4.0
West Farms,3,4507.5,4.0
West Farms,4,3440.0,3.0
West Farms,5,3440.0,3.0
West Farms,6,3620.0,3.0
West Farms,7,4245.0,2.0
West Farms,8,4935.0,4.0
West Farms,9,5380.0,3.0
West Farms,10,4410.0,4.0
West Farms,11,4410.0,4.0
West Farms,12,4305.0,4.0
West Village,1,9637.89,209.0
West Village,2,9914.02,214.0
West Village,3,10622.1,200.0
West Village,4,9628.03,198.0
West Village,5,10550.87,184.0
West Village,6,13790.82,196.0
West Village,7,12439.45,219.0
West Village,8,11878.86,210.0
West Village,9,12352.05,200.0
West Village,10,11615.2,202.0
West Village,11,12477.97,207.0
West Village,12,10402.0,210.0
Westchester Square,1,3201.43,7.0
Westchester Square,2,3201.43,7.0
Westchester Square,3,3412.5,8.0
Westchester Square,4,3090.0,6.0
Westchester Square,5,3008.57,7.0
Westchester Square,6,3635.0,6.0
Westchester Square,7,4350.0,7.0
Westchester Square,8,3636.0,5.0
Westchester Square,9,2922.0,5.0
Westchester Square,10,4068.75,8.0
Westchester Square,11,3806.25,8.0
Westchester Square,12,3205.71,7.0
Westerleigh,1,4500.0,3.0
Westerleigh,2,4500.0,3.0
Westerleigh,3,4500.0,3.0
Westerleigh,4,3997.5,4.0
Westerleigh,5,3997.5,4.0
Westerleigh,6,3997.5,4.0
Westerleigh,7,3997.5,4.0
Westerleigh,8,3997.5,4.0
Westerleigh,9,3997.5,4.0
Westerleigh,10,3997.5,4.0
Westerleigh,11,4500.0,3.0
Westerleigh,12,4500.0,3.0
Whitestone,1,3378.75,8.0
Whitestone,2,2990.0,3.0
Whitestone,3,3333.33,9.0
Whitestone,4,6612.0,5.0
Whitestone,5,5280.0,8.0
Whitestone,6,3342.86,7.0
Whitestone,7,3416.25,8.0
Whitestone,8,2980.0,9.0
Whitestone,9,2844.0,5.0
Whitestone,10,3030.0,8.0
Whitestone,11,3183.33,9.0
Whitestone,12,3070.0,9.0
Williamsbridge,1,2780.32,31.0
Williamsbridge,2,2769.0,30.0
Williamsbridge,3,2651.25,32.0
Williamsbridge,4,2875.45,33.0
Williamsbridge,5,2960.0,36.0
Williamsbridge,6,2787.57,37.0
Williamsbridge,7,2928.62,29.0
Williamsbridge,8,2931.43,35.0
Williamsbridge,9,2945.14,35.0
Williamsbridge,10,2921.82,33.0
Williamsbridge,11,2824.29,35.0
Williamsbridge,12,2845.0,30.0
Williamsburg,1,5575.51,729.0
Williamsburg,2,5592.29,747.0
Williamsburg,3,5832.71,715.0
Williamsburg,4,5934.83,847.0
Williamsburg,5,6110.98,835.0
Williamsburg,6,6014.45,766.0
Williamsburg,7,6227.1,786.0
Williamsburg,8,6077.92,782.0
Williamsburg,9,5823.73,748.0
Williamsburg,10,5974.06,753.0
Williamsburg,11,6031.38,737.0
Williamsburg,12,5765.53,667.0
Willowbrook,1,3600.0,1.0
Willowbrook,2,3600.0,1.0
Willowbrook,3,,
Willowbrook,4,4200.0,1.0
Willowbrook,5,4200.0,1.0
Willowbrook,6,4200.0,1.0
Willowbrook,7,4200.0,1.0
Willowbrook,8,4200.0,1.0
Willowbrook,9,4200.0,1.0
Willowbrook,10,3600.0,1.0
Willowbrook,11,3600.0,1.0
Willowbrook,12,3600.0,1.0
Windsor Terrace,1,4779.38,48.0
Windsor Terrace,2,4704.67,45.0
Windsor Terrace,3,4768.04,46.0
Windsor Terrace,4,5020.0,45.0
Windsor Terrace,5,5356.6,47.0
Windsor Terrace,6,5267.5,48.0
Windsor Terrace,7,4976.59,44.0
Windsor Terrace,8,4911.95,41.0
Windsor Terrace,9,4886.15,39.0
Windsor Terrace,10,4951.54,39.0
Windsor Terrace,11,4794.0,40.0
Windsor Terrace,12,4507.86,42.0
Woodhaven,1,2511.05,57.0
Woodhaven,2,2457.32,56.0
Woodhaven,3,2485.34,58.0
Woodhaven,4,2697.0,60.0
Woodhaven,5,2736.0,60.0
Woodhaven,6,2767.92,53.0
Woodhaven,7,2772.22,54.0
Woodhaven,8,2675.5,60.0
Woodhaven,9,2453.0,60.0
Woodhaven,10,2569.82,56.0
Woodhaven,11,2424.29,63.0
Woodhaven,12,2506.84,57.0
Woodlawn,1,4220.0,6.0
Woodlawn,2,3966.0,5.0
Woodlawn,3,4492.5,4.0
Woodlawn,4,4327.5,8.0
Woodlawn,5,4391.25,8.0
Woodlawn,6,3338.57,7.0
Woodlawn,7,3115.0,6.0
Woodlawn,8,3325.71,7.0
Woodlawn,9,3385.71,7.0
Woodlawn,10,3993.75,8.0
Woodlawn,11,3857.14,7.0
Woodlawn,12,4495.71,7.0
Woodrow,1,1950.0,2.0
Woodrow,2,1950.0,2.0
Woodrow,3,1755.0,2.0
Woodrow,4,1950.0,2.0
Woodrow,5,1950.0,2.0
Woodrow,6,1950.0,2.0
Woodrow,7,1950.0,2.0
Woodrow,8,1950.0,2.0
Woodrow,9,1950.0,2.0
Woodrow,10,1950.0,2.0
Woodrow,11,1950.0,2.0
Woodrow,12,1950.0,2.0
Woodside,1,2928.77,195.0
Woodside,2,2959.02,194.0
Woodside,3,2344.83,118.0
Woodside,4,2514.38,203.0
Woodside,5,2949.43,175.0
Woodside,6,2864.93,207.0
Woodside,7,2864.26,204.0
Woodside,8,2786.33,196.0
Woodside,9,2953.47,176.0
Woodside,10,3152.35,166.0
Woodside,11,2988.94,179.0
Woodside,12,2841.52,191.0
